Timestamp,Experimenter number,"sgRNA sequence(s) (if you injected more that one sgRNA, please separate each sequence with a comma)",sgRNA target gene name,Did you use the following website to design this sgRNA: http://genome.sfu.ca/crispr/search.html,"Did this sgRNA cut (i.e., were you able to obtain your desired NHEJ- or HR-containing strain)?",How many worms were injected? Please input a number.,"If the sgRNA cut, how many desired lines/strains were obtained? Please input a number.",Please rate the experience level of injector:,sgRNA was injected as,"If sgRNA was injected as DNA, what promoter was used?",Cas9 was injected as:,Screening method used to isolate CRISPR'ed worms,Desired repair mechanism from CRISPR gene editing for this guide,Any other comments you wish to add about your experience with this sgRNA
17/02/2017 19:35:11,1,GATTCTCGCGATAACCACGGTGG,rde-12,No,Yes,160,95,2,DNA,K09B11.12 U6 promoter (Friedland et al. 2013),circular plasmid DNA,Positive selectable markers,NHEJ,
17/02/2017 19:40:03,1,GGACATTGACACTAAAATCAAGG,dpy-13,No,Yes,40,1,2,DNA,K09B11.12 U6 promoter (Friedland et al. 2013),circular plasmid DNA,PCR and/or DNA sequencing,NHEJ,
17/02/2017 19:43:10,1,GTTATGAAGCTGACGGCGGACGG,dpy-13,No,Yes,35,3,2,DNA,K09B11.12 U6 promoter (Friedland et al. 2013),circular plasmid DNA,phenotypic analysis,NHEJ,
18/02/2017 00:20:35,1,GGCAATGCTGAGTGACACGGTGG,dpy-7,No,Yes,300,240,3,DNA,K09B11.12 U6 promoter (Friedland et al. 2013),circular plasmid DNA,phenotypic analysis,NHEJ,
18/02/2017 00:23:17,1,GCTACCATAGGCACCACGAGCGG,dpy-10,No,Yes,250,246,2,DNA,K09B11.12 U6 promoter (Friedland et al. 2013),circular plasmid DNA,phenotypic analysis,NHEJ,
18/02/2017 22:04:49,1,GTTAGTGGTAGACTTCTTGGTGG,dpy-6,No,Yes,120 (360 F1 worms with marker),11,2,DNA,K09B11.12 U6 promoter (Friedland et al. 2013),circular plasmid DNA,phenotypic analysis ,NHEJ,
18/02/2017 22:06:48,1,GAAATTGAAGCAACAGTGGGCGG,dpy-6,No,Yes,90 (219 F1 worms with pcfj90 marker),13,2,DNA,K09B11.12 U6 promoter (Friedland et al. 2013),circular plasmid DNA,phenotypic analysis,NHEJ,
18/02/2017 22:08:59,1,GACTAAAATGTGAACGTATGAGG,rde-8,No,Yes,25 (40 F1 worms with pcfj90 marker),6,2,DNA,K09B11.12 U6 promoter (Friedland et al. 2013),circular plasmid DNA,rde phenotypic analysis,NHEJ,
18/02/2017 22:11:37,1,GCTACCATAGGCACCACGAGCGG,dpy-10,No,Yes,350 (1109 F1 worms with pcfj90 marker)),246,2,DNA,K09B11.12 U6 promoter (Friedland et al. 2013),circular plasmid DNA,phenotypic analysis,NHEJ,
20/02/2017 13:13:34,2,AGGGATACTGGACAAATTGTGG,cdkl-1,http://crispr.mit.edu/,Yes,20,1,1,DNA,K09B11.12 U6 promoter (Friedland et al. 2013),circular plasmid DNA,PCR and/or DNA sequencing,HR,
09/06/2017 16:11:49,3,CAGTACAATCAGGGACGTCACGG,pat-2,crispr.mit.edu,Yes,45,2,3,DNA,R07E5.16 U6 promoter (Dickinson et al. 2013),circular plasmid DNA,Positive selectable markers,HR,
09/06/2017 16:13:25,3,CGAGAACCCAATCTACAAACAGG,pat-3,crispr.mit.edu,Yes,45,1,3,DNA,R07E5.16 U6 promoter (Dickinson et al. 2013),circular plasmid DNA,Positive selectable markers,HR,
03/08/2017 11:24:21,4,atgatgaatgataacgaat,mei-1,No,Yes,51,1,3,DNA,R07E5.16 U6 promoter (Dickinson et al. 2013),circular plasmid DNA,GFP fluorescence,HR,
03/08/2017 11:25:52,4,actggaaaggaaattgagc,ned-8,No,No,137,,3,DNA,R07E5.16 U6 promoter (Dickinson et al. 2013),circular plasmid DNA,Positive selectable markers,HR,
03/08/2017 11:27:50,4,taatggagtaccggcactc,mel-26,No,No,132,,3,DNA,R07E5.16 U6 promoter (Dickinson et al. 2013),circular plasmid DNA,GFP fluorescence,HR,
03/08/2017 11:29:55,4,acggattgttcggatatcg,cul-3,No,Yes,83,1,3,DNA,R07E5.16 U6 promoter (Dickinson et al. 2013),circular plasmid DNA,GFP fluorescence,HR,
03/08/2017 11:32:50,4,GTACAAATGGCCACCTAAAA,aspm-1,No,Yes,60,1,3,DNA,R07E5.16 U6 promoter (Dickinson et al. 2013),circular plasmid DNA,GFP fluorescence,HR,
03/08/2017 11:34:28,4,agtacataacctgtggacg,cul-2,No,Yes,51,3,3,DNA,R07E5.16 U6 promoter (Dickinson et al. 2013),circular plasmid DNA,GFP fluoresence,HR,
03/08/2017 11:38:11,4,ggctttaaaatcaactcaccg,sas-7,No,Yes,48,4,3,DNA,R07E5.16 U6 promoter (Dickinson et al. 2013),circular plasmid DNA,GFP fluorescence,HR,
03/08/2017 11:39:42,4,ggctttaaaatcaactcaccg,sas-7,No,Yes,50,5,3,DNA,R07E5.16 U6 promoter (Dickinson et al. 2013),circular plasmid DNA,Co-CRISPR,NHEJ,
03/08/2017 11:40:27,4,cggtgttaaatctctactgg,sas-7,No,Yes,50,5,3,DNA,R07E5.16 U6 promoter (Dickinson et al. 2013),circular plasmid DNA,Co-CRISPR,NHEJ,
03/08/2017 11:42:03,4,ggatcaattcgattctctaa,ani-1,No,Yes,50,1,3,DNA,R07E5.16 U6 promoter (Dickinson et al. 2013),circular plasmid DNA,GFP fluorescence,HR,
03/08/2017 11:43:44,4,GTAGTCGTCGGATCACAGT,drp-1,No,Yes,24,1,3,DNA,R07E5.16 U6 promoter (Dickinson et al. 2013),circular plasmid DNA,GFP fluorescence,HR,
03/08/2017 11:46:38,4,atgggaatcgtgagtatacg,ebp-2,No,Yes,50,1,3,RNA,,protein,Co-CRISPR,HR,
03/08/2017 11:48:00,4,TGAGTAGATTCCACTTCCAC,01-Apr,No,No,50,,3,RNA,,protein,Co-CRISPR,HR,
01/31/2017,5,AGGAGTTGGGAAAAGCGCAT,rap-3,Yes,Yes,42,9,3,DNA,K09B11.12 U6 promoter (Friedland et al. 2013),circular plasmid DNA,Positive selectable markers,HR,Only 3 of the 8 'successful cuts' had the cassette inserted correctly (by PCR validation)
01/31/2017,5,gtgaattttctagATCTTGG,C52B11.5,Yes,Yes,30,2,3,DNA,K09B11.12 U6 promoter (Friedland et al. 2013),circular plasmid DNA,Positive selectable markers,HR,
01/31/2017,5,GTACCTGTGCCTGAACCAAC,pqn-82,Yes,No,67,,3,DNA,K09B11.12 U6 promoter (Friedland et al. 2013),circular plasmid DNA,Positive selectable markers,HR,
01/31/2017,5,TGAAATGAATGCTCCGATAA,C25A6.1,Yes,No,26,,3,DNA,K09B11.12 U6 promoter (Friedland et al. 2013),circular plasmid DNA,Positive selectable markers,HR,
01/31/2017,5,cttcaaaacctatagattgt,C25E10.12,Yes,No,29,,3,DNA,K09B11.12 U6 promoter (Friedland et al. 2013),circular plasmid DNA,Positive selectable markers,HR,
01/31/2017,5,cagCAGCCAATTGTACTTGT,T26C12.3,Yes,Yes,19,2,3,DNA,K09B11.12 U6 promoter (Friedland et al. 2013),circular plasmid DNA,Positive selectable markers,HR,
01/31/2017,5,CCTCTGCTCCATCGTCTTCG,flp-32,Yes,No,22,,3,DNA,K09B11.12 U6 promoter (Friedland et al. 2013),circular plasmid DNA,Positive selectable markers,HR,
01/31/2017,5,CCTCTGCTCCATCGTCTTCG,flp-32,Yes,Yes,28,1,2,DNA,K09B11.12 U6 promoter (Friedland et al. 2013),circular plasmid DNA,Positive selectable markers,HR,
01/31/2017,5,CGTCCAAAGAGCCTTGCAGG,flp-8,Yes,Yes,21,1,3,DNA,K09B11.12 U6 promoter (Friedland et al. 2013),circular plasmid DNA,Positive selectable markers,HR,
01/31/2017,5,GAGATAATCGCGGTGCACGG,K01G5.9,Yes,Yes,25,1,3,DNA,K09B11.12 U6 promoter (Friedland et al. 2013),circular plasmid DNA,Positive selectable markers,HR,
01/31/2017,5,gcgagagacaaccggaaaag,Y67D8C.3,Yes,Yes,32,1,3,DNA,K09B11.12 U6 promoter (Friedland et al. 2013),circular plasmid DNA,Positive selectable markers,HR,
01/31/2017,5,CCTGGGAAGACCTTTGAAGC,kin-24,Yes,No,27,,2,DNA,K09B11.12 U6 promoter (Friedland et al. 2013),circular plasmid DNA,Positive selectable markers,HR,
01/31/2017,5,CCTGGGAAGACCTTTGAAGC,kin-24,Yes,Yes,20,1,3,DNA,K09B11.12 U6 promoter (Friedland et al. 2013),circular plasmid DNA,Positive selectable markers,HR,
01/31/2017,5,tcttcacgaatcttcagctg,Y67D8C.3,Yes,Yes,20,1,2,DNA,K09B11.12 U6 promoter (Friedland et al. 2013),circular plasmid DNA,Positive selectable markers,HR,
01/31/2017,5,cacgaataatggagaatcgg,Y67D8C.3,Yes,No,32,,3,DNA,K09B11.12 U6 promoter (Friedland et al. 2013),circular plasmid DNA,Positive selectable markers,HR,
01/31/2017,5,tccccagtaaactcttccgg,pry-1,Yes,Yes,46,5,3,DNA,K09B11.12 U6 promoter (Friedland et al. 2013),circular plasmid DNA,Positive selectable markers,HR,"2 of the 'successful cuts' did not give the desired deletion, but the selection cassette was inserted into the genome"
01/31/2017,5,TCGATTGCTCCTGTTCTTTG,T22C1.1,Yes,Yes,78,1,3,DNA,K09B11.12 U6 promoter (Friedland et al. 2013),circular plasmid DNA,Positive selectable markers,HR,
01/31/2017,5,aacacgaaaaaattaagggg,Y54G2A.23,Yes,Yes,76,3,2,DNA,K09B11.12 U6 promoter (Friedland et al. 2013),circular plasmid DNA,Positive selectable markers,HR,
01/31/2017,5,AAATCATCTATCGGCTTTGG,F18F11.5,Yes,Yes,57,1,3,DNA,K09B11.12 U6 promoter (Friedland et al. 2013),circular plasmid DNA,Positive selectable markers,HR,"The 'successful cut' did not give the desired deletion, but the selection cassette was inserted into the genome"
01/31/2017,5,TATGTGATAATCGGAGACGG,F11A5.3,Yes,Yes,21,2,3,DNA,K09B11.12 U6 promoter (Friedland et al. 2013),circular plasmid DNA,Positive selectable markers,HR,"1 of the 'successful cuts' did not give the desired deletion, but the selection cassette was inserted into the genome"
01/31/2017,5,CTAAACGTCTGGGACATCGG,arl-3,Yes,Yes,63,1,3,DNA,K09B11.12 U6 promoter (Friedland et al. 2013),circular plasmid DNA,Positive selectable markers,HR,"The 'successful cut' did not give the desired deletion, but the selection cassette was inserted into the genome"
01/31/2017,5,gtaactattgtagaatattgg,unc-2,No,Yes,37,1,3,DNA,K09B11.12 U6 promoter (Friedland et al. 2013),circular plasmid DNA,Positive selectable markers,HR,
01/31/2017,5,GCTGAAATGTACAAAGAGGG,efk-1,Yes,Yes,40,2,3,DNA,K09B11.12 U6 promoter (Friedland et al. 2013),circular plasmid DNA,Positive selectable markers,HR,
01/31/2017,5,GGGGAATGAGAACGTAAAGG,F01D4.9,Yes,Yes,41,1,2,RNA,K09B11.12 U6 promoter (Friedland et al. 2013),protein,Positive selectable markers,HR,
01/31/2017,5,GGGGAATGAGAACGTAAAGG,F01D4.9,Yes,Yes,112,2,2,DNA,K09B11.12 U6 promoter (Friedland et al. 2013),circular plasmid DNA,Positive selectable markers,HR,
01/31/2017,5,GATATTCCACGTGTGTGTGG,C16A11.10,No,Yes,77,1,2,DNA,K09B11.12 U6 promoter (Friedland et al. 2013),circular plasmid DNA,Positive selectable markers,HR,Position of inserted cassette not verified
01/31/2017,5,"gactttttgattctaactgc, gtgcaccagtaaaacgaacac",avr-15,No,Yes,88,1,2,DNA,K09B11.12 U6 promoter (Friedland et al. 2013),circular plasmid DNA,Positive selectable markers,HR,Position of inserted cassette not verified
01/31/2017,5,"gacgtgtattctgtgtcaag, gtgcaaacgattgtcgaatgg",ubr-1,No,Yes,89,1,2,DNA,K09B11.12 U6 promoter (Friedland et al. 2013),circular plasmid DNA,Positive selectable markers,HR,
09/27/2017,4,"tgtatccgtttcttcagttg, agtaaagagcaattcaaggc",nspc-1 to nspc-7,Yes,Yes,88,6,3,DNA,K09B11.12 U6 promoter (Friedland et al. 2013),circular plasmid DNA,Positive selectable markers,HR,"Tandem gene deletion. 1 of the 'successful cuts' had a perfect integrant, the remaining lines were also integrants but the selection cassette was not inserted in the way we had intended."
09/27/2017,4,aatttgaatATGCGCGGCAA,Y79H2A.4,Yes,Yes,28,2,3,DNA,K09B11.12 U6 promoter (Friedland et al. 2013),circular plasmid DNA,Positive selectable markers,HR,Both integrants had the insertion but neither inserted in the way we had expected. 
09/27/2017,4,GGCAAACCCGGCTCACATCA,T08B6.5,Yes,Yes,36,4,3,DNA,K09B11.12 U6 promoter (Friedland et al. 2013),circular plasmid DNA,Positive selectable markers,HR,2 of the 4 integrants were perfect insertions. 
09/27/2017,4,"cataactcgagaattctgta, GAGTTCTGCAATTGCACGGG",eif-3.G,Yes,Yes,73,2,3,RNA,,Protein,Positive selectable markers,HR,1 of the 2 integrants were perfect insertions.
09/27/2017,4,"agtttaataagcgctgccgg, ctaatcttgtagaagtgtgt",srg-3 to srg-8,Yes,Yes,38,2,3,DNA,K09B11.12 U6 promoter (Friedland et al. 2013),circular plasmid DNA,Positive selectable markers,HR,"Tandem gene deletion. 2 of 3 integrants were perfect insertions, other had WT band intact"
09/27/2017,5,TCTTCTGAAATGGGGCGTGA,R08A2.2,Yes,Yes,27,2,3,DNA,K09B11.12 U6 promoter (Friedland et al. 2013),circular plasmid DNA,Positive selectable markers,HR,1 of the 2 integrants were perfect insertions
09/27/2017,5,CGTCTCCCGCTGCAACGAGA,W04C9.5,Yes,Yes,37,0,3,DNA,K09B11.12 U6 promoter (Friedland et al. 2013),circular plasmid DNA,Positive selectable markers,HR,"3 of the 4 integrants had unsuccessful PCRs, in 1 of the 4 the DS did not have a successful PCR"
09/27/2017,5,gctgaatttcttgaagcgga,flp-9,Yes,Yes,46,2,3,DNA,K09B11.12 U6 promoter (Friedland et al. 2013),circular plasmid DNA,Positive selectable markers,HR,2 of 2 integrants were perfect insertions
09/27/2017,5,TGGGATCCAAGTAAATATCG,lgc-10,Yes,Yes,19,2,3,DNA,K09B11.12 U6 promoter (Friedland et al. 2013),circular plasmid DNA,Positive selectable markers,HR,1 of 2 integrants were perfect insertions
09/27/2017,5,gTTGATCCAACACAGCCTCT,lgc-15,Yes,Yes,51,1,3,DNA,K09B11.12 U6 promoter (Friedland et al. 2013),circular plasmid DNA,Positive selectable markers,HR,"1 of 2 integrants were perfect insertions, other had WT band intact"
09/27/2017,5,ACTTTATTACCTGAAGTTGG,lgc-17,Yes,Yes,26,1,3,DNA,K09B11.12 U6 promoter (Friedland et al. 2013),circular plasmid DNA,Positive selectable markers,HR,1 of 1 integrants were perfect insertions
09/27/2017,5,GAGAGAGGAGGCCGTGGAGG,rsp-4,Yes,Yes,9,2,3,DNA,K09B11.12 U6 promoter (Friedland et al. 2013),circular plasmid DNA,Positive selectable markers,HR,2 of 2 integrants were perfect insertions
09/27/2017,5,GAAATCGAAGAGCATTTTAA,EEED8.4,Yes,No,30,0,3,DNA,K09B11.12 U6 promoter (Friedland et al. 2013),circular plasmid DNA,Positive selectable markers,HR,No Integrants found
09/27/2017,5,GATGCCAAGTCTGTATTCAT,EEED8.12,Yes,Yes,18,2,3,DNA,K09B11.12 U6 promoter (Friedland et al. 2013),circular plasmid DNA,Positive selectable markers,HR,2 of 3 integrants were perfect insertions
09/27/2017,5,TATCGCCCAGTAAAATTGCT,lgc-31,Yes,Yes,25,3,3,DNA,K09B11.12 U6 promoter (Friedland et al. 2013),circular plasmid DNA,Positive selectable markers,HR,all 3 integrants were perfect insertions
09/27/2017,5,GCACGTTATCGATGGAGATC,C50B8.1,Yes,Yes,23,2,3,DNA,K09B11.12 U6 promoter (Friedland et al. 2013),circular plasmid DNA,Positive selectable markers,HR,2 of 3 integrants were perfect insertions
09/27/2017,5,GATTACTTGTCTCGTACCGG,C25A1.4,Yes,Yes,32,1,3,DNA,K09B11.12 U6 promoter (Friedland et al. 2013),circular plasmid DNA,Positive selectable markers,HR,1 of 5 integrants were perfect insertions
09/27/2017,5,TCCGATTCGAGTGGTTCACG; aaaccaatacgacccattct,lgc-45,Yes,Yes,28,1,3,DNA,K09B11.12 U6 promoter (Friedland et al. 2013),circular plasmid DNA,Positive selectable markers,HR,1 of 1 integrants were perfect insertions
09/27/2017,5,gtgaattttctagATCTTGG; TACAGAGTCGCAGATGTTGG,C52B11.5,Yes,Yes,31,3,3,DNA,K09B11.12 U6 promoter (Friedland et al. 2013),circular plasmid DNA,Positive selectable markers,HR,3 of 3 integrants were perfect insertions
09/27/2017,5,CGCCTATCAAGTCCTCCACC; agattttggttagatttcga,C34D4.2,Yes,Yes,26,2,3,DNA,K09B11.12 U6 promoter (Friedland et al. 2013),circular plasmid DNA,Positive selectable markers,HR,2 of 2 integrants were perfect insertions