Experimenter number,"sgRNA sequence(s) (if you injected more that one sgRNA, please separate each sequence with a comma)",length(sgRNA),sgRNA target gene name,30-mer ((N*)NNNN[~20nt]NGGNNN),length(30mer),Did you use the following website to design this sgRNA: http://genome.sfu.ca/crispr/search.html,"Did this sgRNA cut (i.e., were you able to obtain your desired NHEJ- or HR-containing strain)?",How many worms were injected? Please input a number.,"If the sgRNA cut, how many desired lines/strains were obtained? Please input a number.",Please rate the experience level of injector:,sgRNA was injected as,"If sgRNA was injected as DNA, what promoter was used?",Cas9 was injected as:,Screening method used to isolate CRISPR'ed worms,Desired repair mechanism from CRISPR gene editing for this guide
1,GATTCTCGCGATAACCACGGTGG,23,RDE-12,TCCAGATTCTCGCGATAACCACGGTGGAAG,30,No,Yes,160,95,2,DNA,K09B11.12 U6 promoter (Friedland et al. 2013),circular plasmid DNA,Positive selectable markers,NHEJ
1,GGACATTGACACTAAAATCAAGG,23,DPY-13,CCATGGACATTGACACTAAAATCAAGGCCT,30,No,Yes,40,1,2,DNA,K09B11.12 U6 promoter (Friedland et al. 2013),circular plasmid DNA,PCR and/or DNA sequencing,NHEJ
1,GTTATGAAGCTGACGGCGGACGG,23,DPY-13,CTTCGTTATGAAGCTGACGGCGGACGGTAT,30,No,Yes,35,3,2,DNA,K09B11.12 U6 promoter (Friedland et al. 2013),circular plasmid DNA,phenotypic analysis,NHEJ
1,GGCAATGCTGAGTGACACGGTGG,23,DPY-7,CACTGGCAATGCTGAGTGACACGGTGGCTT,30,No,Yes,300,240,3,DNA,K09B11.12 U6 promoter (Friedland et al. 2013),circular plasmid DNA,phenotypic analysis,NHEJ
1,GCTACCATAGGCACCACGAGCGG,23,DPY-10,CTCCGCTACCATAGGCACCACGAGCGGTAC,30,No,Yes,250,246,2,DNA,K09B11.12 U6 promoter (Friedland et al. 2013),circular plasmid DNA,phenotypic analysis,NHEJ
1,GTTAGTGGTAGACTTCTTGGTGG,23,DPY-6,GAGCTTTAGTGGTAGACTTCTTGGTGGTGC,30,No,Yes,120 (360 F1 worms with marker),11,2,DNA,K09B11.12 U6 promoter (Friedland et al. 2013),circular plasmid DNA,phenotypic analysis ,NHEJ
1,GAAATTGAAGCAACAGTGGGCGG,23,DPY-6,TCAAGAAATTGAAGCAACAGTGGGCGGGCA,30,No,Yes,90 (219 F1 worms with pcfj90 marker),13,2,DNA,K09B11.12 U6 promoter (Friedland et al. 2013),circular plasmid DNA,phenotypic analysis,NHEJ
1,GACTAAAATGTGAACGTATGAGG,23,RDE-8,GAAAGACTAAAATGTGAACGTATGAGGAAT,30,No,Yes,25 (40 F1 worms with pcfj90 marker),6,2,DNA,K09B11.12 U6 promoter (Friedland et al. 2013),circular plasmid DNA,rde phenotypic analysis,NHEJ
1,GCTACCATAGGCACCACGAGCGG,23,DPY-10,CTCCGCTACCATAGGCACCACGAGCGGTAC,30,No,Yes,350 (1109 F1 worms with pcfj90 marker)),246,2,DNA,K09B11.12 U6 promoter (Friedland et al. 2013),circular plasmid DNA,phenotypic analysis,NHEJ
2,AGGGATACTGGACAAATTGTGG,22,CDKL-1,AAAATAGGGATACTGGACAAATTGTGGCAA,30,http://crispr.mit.edu/,Yes,20,1,1,DNA,K09B11.12 U6 promoter (Friedland et al. 2013),circular plasmid DNA,PCR and/or DNA sequencing,HR
3,CAGTACAATCAGGGACGTCACGG,23,PAT-2,AGATCAGTACAATCAGGGACGTCACGGACA,30,crispr.mit.edu,Yes,45,2,3,DNA,R07E5.16 U6 promoter (Dickinson et al. 2013),circular plasmid DNA,Positive selectable markers,HR
3,CGAGAACCCAATCTACAAACAGG,23,PAT-3,AGAACGAGAACCCAATCTACAAACAGGCCA,30,crispr.mit.edu,Yes,45,1,3,DNA,R07E5.16 U6 promoter (Dickinson et al. 2013),circular plasmid DNA,Positive selectable markers,HR
4,ATGATGAATGATAACGAAT,19,MEI-1,GCAAGATGATGAATGATAACGAATAGGGAA,30,No,Yes,51,1,3,DNA,R07E5.16 U6 promoter (Dickinson et al. 2013),circular plasmid DNA,GFP fluorescence,HR
4,ACTGGAAAGGAAATTGAGC,19,NED-8,CCTTGACTGGAAAGGAAATTGAGCTGGACA,30,No,No,137,,3,DNA,R07E5.16 U6 promoter (Dickinson et al. 2013),circular plasmid DNA,Positive selectable markers,HR
4,TAATGGAGTACCGGCACTC,19,MEL-26,TGTAGTAATGGAGTACCGGCACTCGGGGTT,30,No,No,132,,3,DNA,R07E5.16 U6 promoter (Dickinson et al. 2013),circular plasmid DNA,GFP fluorescence,HR
4,ACGGATTGTTCGGATATCG,19,CUL-3,AATTGACGGATTGTTCGGATATCGCGGATA,30,No,Yes,83,1,3,DNA,R07E5.16 U6 promoter (Dickinson et al. 2013),circular plasmid DNA,GFP fluorescence,HR
4,GTACAAATGGCCACCTAAAA,20,ASPM-1,CGCGGTACAAATGGCCACCTAAAACGGAGG,30,No,Yes,60,1,3,DNA,R07E5.16 U6 promoter (Dickinson et al. 2013),circular plasmid DNA,GFP fluorescence,HR
4,AGTACATAACCTGTGGACG,19,CUL-2,CAGTGAGTACATAACCTGTGGACGAGGTGG,30,No,Yes,51,3,3,DNA,R07E5.16 U6 promoter (Dickinson et al. 2013),circular plasmid DNA,GFP fluoresence,HR
4,GGCTTTAAAATCAACTCACCG,21,SAS-7,ACTAGGCTTAAAATCAACTCACCGTGGATG,30,No,Yes,48,4,3,DNA,R07E5.16 U6 promoter (Dickinson et al. 2013),circular plasmid DNA,GFP fluorescence,HR
4,GGCTTTAAAATCAACTCACCG,21,SAS-7,ACTAGGCTTAAAATCAACTCACCGTGGATG,30,No,Yes,50,5,3,DNA,R07E5.16 U6 promoter (Dickinson et al. 2013),circular plasmid DNA,Co-CRISPR,NHEJ
4,CGGTGTTAAATCTCTACTGG,20,SAS-7,CTTTAGACGGTGTTAAATCTCTACTGGAGG,30,No,Yes,50,5,3,DNA,R07E5.16 U6 promoter (Dickinson et al. 2013),circular plasmid DNA,Co-CRISPR,NHEJ
4,GGATCAATTCGATTCTCTAA,20,ANI-1,TGGGGGATCAATTCGATTCTCTAATGGAAC,30,No,Yes,50,1,3,DNA,R07E5.16 U6 promoter (Dickinson et al. 2013),circular plasmid DNA,GFP fluorescence,HR
4,GTAGTCGTCGGATCACAGT,19,DRP-1,AGATTGTAGTCGTCGGATCACAGTCGGCCG,30,No,Yes,24,1,3,DNA,R07E5.16 U6 promoter (Dickinson et al. 2013),circular plasmid DNA,GFP fluorescence,HR
4,ATGGGAATCGTGAGTATACG,20,EBP-2,ATTGATGGGAATCGTGAGTATACGGGGATA,30,No,Yes,50,1,3,RNA,,protein,Co-CRISPR,HR
4,TGAGTAGATTCCACTTCCAC,20,01-APR,GTTGTGAGTAGATTCCACTTCCACCGGTAT,30,No,No,50,,3,RNA,,protein,Co-CRISPR,HR
5,AGGAGTTGGGAAAAGCGCAT,20,RAP-3,ATGGAGGAGTTGGGAAAAGCGCATTGGTAA,30,Yes,Yes,42,9,3,DNA,K09B11.12 U6 promoter (Friedland et al. 2013),circular plasmid DNA,Positive selectable markers,HR
5,GTGAATTTTCTAGATCTTGG,20,C52B11.5,TAAAGTGAATTTTCTAGATCTTGGTGGCTT,30,Yes,Yes,30,2,3,DNA,K09B11.12 U6 promoter (Friedland et al. 2013),circular plasmid DNA,Positive selectable markers,HR
5,GTACCTGTGCCTGAACCAAC,20,PQN-82,TACTGTACCTGTGCCTGAACCAACTGGTTC,30,Yes,No,67,,3,DNA,K09B11.12 U6 promoter (Friedland et al. 2013),circular plasmid DNA,Positive selectable markers,HR
5,TGAAATGAATGCTCCGATAA,20,C25A6.1,TGGTTGAAATGAATGCTCCGATAAAGGTGT,30,Yes,No,26,,3,DNA,K09B11.12 U6 promoter (Friedland et al. 2013),circular plasmid DNA,Positive selectable markers,HR
5,CTTCAAAACCTATAGATTGT,20,C25E10.12,TTATCTTCAAAACCTATAGATTGTTGGAAG,30,Yes,No,29,,3,DNA,K09B11.12 U6 promoter (Friedland et al. 2013),circular plasmid DNA,Positive selectable markers,HR
5,CAGCAGCCAATTGTACTTGT,20,T26C12.3,TTTTCAGCAGCCAATTGTACTTGTCGGATC,30,Yes,Yes,19,2,3,DNA,K09B11.12 U6 promoter (Friedland et al. 2013),circular plasmid DNA,Positive selectable markers,HR
5,CCTCTGCTCCATCGTCTTCG,20,FLP-32,CTCTCCTCTGCTCCATCGTCTTCGTGGAAG,30,Yes,No,22,,3,DNA,K09B11.12 U6 promoter (Friedland et al. 2013),circular plasmid DNA,Positive selectable markers,HR
5,CCTCTGCTCCATCGTCTTCG,20,FLP-32,CTCTCCTCTGCTCCATCGTCTTCGTGGAAG,30,Yes,Yes,28,1,2,DNA,K09B11.12 U6 promoter (Friedland et al. 2013),circular plasmid DNA,Positive selectable markers,HR
5,CGTCCAAAGAGCCTTGCAGG,20,FLP-8,AAGTCGTCCAAAGAGCCTTGCAGGAGGTGA,30,Yes,Yes,21,1,3,DNA,K09B11.12 U6 promoter (Friedland et al. 2013),circular plasmid DNA,Positive selectable markers,HR
5,GAGATAATCGCGGTGCACGG,20,K01G5.9,CTGCGAGATAATCGCGGTGCACGGAGGTTT,30,Yes,Yes,25,1,3,DNA,K09B11.12 U6 promoter (Friedland et al. 2013),circular plasmid DNA,Positive selectable markers,HR
5,GCGAGAGACAACCGGAAAAG,20,Y67D8C.3,AAATGCGAGAGACAACCGGAAAAGTGGAGA,30,Yes,Yes,32,1,3,DNA,K09B11.12 U6 promoter (Friedland et al. 2013),circular plasmid DNA,Positive selectable markers,HR
5,CCTGGGAAGACCTTTGAAGC,20,KIN-24,GGTCGCTTCAAAGGTCTTCCCAGGCGGATT,30,Yes,No,27,,2,DNA,K09B11.12 U6 promoter (Friedland et al. 2013),circular plasmid DNA,Positive selectable markers,HR
5,CCTGGGAAGACCTTTGAAGC,20,KIN-24,GGTCGCTTCAAAGGTCTTCCCAGGCGGATT,30,Yes,Yes,20,1,3,DNA,K09B11.12 U6 promoter (Friedland et al. 2013),circular plasmid DNA,Positive selectable markers,HR
5,TCTTCACGAATCTTCAGCTG,20,Y67D8C.3,AAGCTCTTCACGAATCTTCAGCTGCGGATT,30,Yes,Yes,20,1,2,DNA,K09B11.12 U6 promoter (Friedland et al. 2013),circular plasmid DNA,Positive selectable markers,HR
5,CACGAATAATGGAGAATCGG,20,Y67D8C.3,TAAACACGAATAATGGAGAATCGGTGGCGT,30,Yes,No,32,,3,DNA,K09B11.12 U6 promoter (Friedland et al. 2013),circular plasmid DNA,Positive selectable markers,HR
5,TCCCCAGTAAACTCTTCCGG,20,PRY-1,AGCGTCCCCAGTAAACTCTTCCGGGGGCAC,30,Yes,Yes,46,5,3,DNA,K09B11.12 U6 promoter (Friedland et al. 2013),circular plasmid DNA,Positive selectable markers,HR
5,TCGATTGCTCCTGTTCTTTG,20,T22C1.1,ACCATCGATTGCTCCTGTTCTTTGTGGAGA,30,Yes,Yes,78,1,3,DNA,K09B11.12 U6 promoter (Friedland et al. 2013),circular plasmid DNA,Positive selectable markers,HR
5,AACACGAAAAAATTAAGGGG,20,Y54G2A.23,ATGAAACACGAAAAAATTAAGGGGGGGGGG,30,Yes,Yes,76,3,2,DNA,K09B11.12 U6 promoter (Friedland et al. 2013),circular plasmid DNA,Positive selectable markers,HR
5,AAATCATCTATCGGCTTTGG,20,F18F11.5,ATAAAAATCATCTATCGGCTTTGGAGGATC,30,Yes,Yes,57,1,3,DNA,K09B11.12 U6 promoter (Friedland et al. 2013),circular plasmid DNA,Positive selectable markers,HR
5,TATGTGATAATCGGAGACGG,20,F11A5.3,CAAATATGTGATAATCGGAGACGGAGGCGT,30,Yes,Yes,21,2,3,DNA,K09B11.12 U6 promoter (Friedland et al. 2013),circular plasmid DNA,Positive selectable markers,HR
5,CTAAACGTCTGGGACATCGG,20,ARL-3,ACGTCTAAACGTCTGGGACATCGGAGGTCA,30,Yes,Yes,63,1,3,DNA,K09B11.12 U6 promoter (Friedland et al. 2013),circular plasmid DNA,Positive selectable markers,HR
5,GTAACTATTGTAGAATATTGG,21,UNC-2,TTGCTAACTATTGTAGAATATTGGCGGGCA,30,No,Yes,37,1,3,DNA,K09B11.12 U6 promoter (Friedland et al. 2013),circular plasmid DNA,Positive selectable markers,HR
5,GCTGAAATGTACAAAGAGGG,20,EFK-1,AATGGCTGAAATGTACAAAGAGGGAGGTTA,30,Yes,Yes,40,2,3,DNA,K09B11.12 U6 promoter (Friedland et al. 2013),circular plasmid DNA,Positive selectable markers,HR
5,GGGGAATGAGAACGTAAAGG,20,F01D4.9,ATTGGGGGAATGAGAACGTAAAGGTGGAAG,30,Yes,Yes,41,1,2,RNA,K09B11.12 U6 promoter (Friedland et al. 2013),protein,Positive selectable markers,HR
5,GGGGAATGAGAACGTAAAGG,20,F01D4.9,ATTGGGGGAATGAGAACGTAAAGGTGGAAG,30,Yes,Yes,112,2,2,DNA,K09B11.12 U6 promoter (Friedland et al. 2013),circular plasmid DNA,Positive selectable markers,HR
5,GATATTCCACGTGTGTGTGG,20,C16A11.10,CATCGATATTCCACGTGTGTGTGGTGGATT,30,No,Yes,77,1,2,DNA,K09B11.12 U6 promoter (Friedland et al. 2013),circular plasmid DNA,Positive selectable markers,HR
5,GACTTTTTGATTCTAACTGC,43,AVR-15,ACCTGACTTTTTGATTCTAACTGCTGGACA,31,No,Yes,88,1,2,DNA,K09B11.12 U6 promoter (Friedland et al. 2013),circular plasmid DNA,Positive selectable markers,HR
5,GTGCACCAGTAAAACGAACAC,43,AVR-15,ATATTGCACCAGTAAAACGAACACGGGATC,31,No,Yes,88,1,2,DNA,K09B11.12 U6 promoter (Friedland et al. 2013),circular plasmid DNA,Positive selectable markers,HR
5,GACGTGTATTCTGTGTCAAG,43,UBR-1,CATTGACGTGTATTCTGTGTCAAGAGGATG,31,No,Yes,89,1,2,DNA,K09B11.12 U6 promoter (Friedland et al. 2013),circular plasmid DNA,Positive selectable markers,HR
4,TGTATCCGTTTCTTCAGTTG,42,NSPC-1 TO NSPC-7,AAAATGTATCCGTTTCTTCAGTTGTGGCAC,31,Yes,Yes,88,6,3,DNA,K09B11.12 U6 promoter (Friedland et al. 2013),circular plasmid DNA,Positive selectable markers,HR
4,TAGTAAAGAGCAATTCAAGGC,42,NSPC-1 TO NSPC-7,ATTGAGTAAAGAGCAATTCAAGGCCGGTGA,31,Yes,Yes,88,6,3,DNA,K09B11.12 U6 promoter (Friedland et al. 2013),circular plasmid DNA,Positive selectable markers,HR
4,AATTTGAATATGCGCGGCAA,20,Y79H2A.4,TGAAAATTTGAATATGCGCGGCAAAGGTCA,30,Yes,Yes,28,2,3,DNA,K09B11.12 U6 promoter (Friedland et al. 2013),circular plasmid DNA,Positive selectable markers,HR
4,GGCAAACCCGGCTCACATCA,20,T08B6.5,ACATGGCAAACCCGGCTCACATCAAGGAGT,30,Yes,Yes,36,4,3,DNA,K09B11.12 U6 promoter (Friedland et al. 2013),circular plasmid DNA,Positive selectable markers,HR
4,CATAACTCGAGAATTCTGTA,42,EIF-3.G,AGAGCATAACTCGAGAATTCTGTAAGGCGA,31,Yes,Yes,73,2,3,RNA,,Protein,Positive selectable markers,HR
4,GAGTTCTGCAATTGCACGGG,42,EIF-3.G,CATTGAGTTCTGCAATTGCACGGGCGGCGT,31,Yes,Yes,73,2,3,RNA,,Protein,Positive selectable markers,HR
4,AGTTTAATAAGCGCTGCCGG,42,SRG-3 TO SRG-8,TATAAGTTTAATAAGCGCTGCCGGAGGAAA,31,Yes,Yes,38,2,3,DNA,K09B11.12 U6 promoter (Friedland et al. 2013),circular plasmid DNA,Positive selectable markers,HR
4,CTAATCTTGTAGAAGTGTGT,42,SRG-3 TO SRG-8,TGTACTAATCTTGTAGAAGTGTGTGGGTGA,31,Yes,Yes,38,2,3,DNA,K09B11.12 U6 promoter (Friedland et al. 2013),circular plasmid DNA,Positive selectable markers,HR
5,TCTTCTGAAATGGGGCGTGA,20,R08A2.2,AGCATCTTCTGAAATGGGGCGTGACGGATG,30,Yes,Yes,27,2,3,DNA,K09B11.12 U6 promoter (Friedland et al. 2013),circular plasmid DNA,Positive selectable markers,HR
5,CGTCTCCCGCTGCAACGAGA,20,W04C9.5,CCAGCGTCTCCCGCTGCAACGAGAAGGTAT,30,Yes,Yes,37,0,3,DNA,K09B11.12 U6 promoter (Friedland et al. 2013),circular plasmid DNA,Positive selectable markers,HR
5,GCTGAATTTCTTGAAGCGGA,20,FLP-9,GTGTGCTGAATTTCTTGAAGCGGAAGGTTC,30,Yes,Yes,46,2,3,DNA,K09B11.12 U6 promoter (Friedland et al. 2013),circular plasmid DNA,Positive selectable markers,HR
5,TGGGATCCAAGTAAATATCG,20,LGC-10,AAGCTGGGATCCAAGTAAATATCGAGGTCA,30,Yes,Yes,19,2,3,DNA,K09B11.12 U6 promoter (Friedland et al. 2013),circular plasmid DNA,Positive selectable markers,HR
5,GTTGATCCAACACAGCCTCT,20,LGC-15,ACCAGTTGATCCAACACAGCCTCTTGGACA,30,Yes,Yes,51,1,3,DNA,K09B11.12 U6 promoter (Friedland et al. 2013),circular plasmid DNA,Positive selectable markers,HR
5,ACTTTATTACCTGAAGTTGG,20,LGC-17,TTTTACTTTATTACCTGAAGTTGGTGGAGG,30,Yes,Yes,26,1,3,DNA,K09B11.12 U6 promoter (Friedland et al. 2013),circular plasmid DNA,Positive selectable markers,HR
5,GAGAGAGGAGGCCGTGGAGG,20,RSP-4,GGATGAGAGAGGAGGCCGTGGAGGTGGTGG,30,Yes,Yes,9,2,3,DNA,K09B11.12 U6 promoter (Friedland et al. 2013),circular plasmid DNA,Positive selectable markers,HR
5,GAAATCGAAGAGCATTTTAA,20,EEED8.4,TGAAGAAATCGAAGAGCATTTTAAAGGATG,30,Yes,No,30,0,3,DNA,K09B11.12 U6 promoter (Friedland et al. 2013),circular plasmid DNA,Positive selectable markers,HR
5,GATGCCAAGTCTGTATTCAT,20,EEED8.12,AATTGATGCCAAGTCTGTATTCATTGGAAA,30,Yes,Yes,18,2,3,DNA,K09B11.12 U6 promoter (Friedland et al. 2013),circular plasmid DNA,Positive selectable markers,HR
5,TATCGCCCAGTAAAATTGCT,20,LGC-31,GACATATCGCCCAGTAAAATTGCTAGGTGA,30,Yes,Yes,25,3,3,DNA,K09B11.12 U6 promoter (Friedland et al. 2013),circular plasmid DNA,Positive selectable markers,HR
5,GCACGTTATCGATGGAGATC,20,C50B8.1,GACCGCACGTTATCGATGGAGATCGGGTAT,30,Yes,Yes,23,2,3,DNA,K09B11.12 U6 promoter (Friedland et al. 2013),circular plasmid DNA,Positive selectable markers,HR
5,GATTACTTGTCTCGTACCGG,20,C25A1.4,CATTGATTACTTGTCTCGTACCGGAGGTGG,30,Yes,Yes,32,1,3,DNA,K09B11.12 U6 promoter (Friedland et al. 2013),circular plasmid DNA,Positive selectable markers,HR
5,TCCGATTCGAGTGGTTCACG,42,LGC-45,ACTGTCCGATTCGAGTGGTTCACGCGGCGA,31,Yes,Yes,28,1,3,DNA,K09B11.12 U6 promoter (Friedland et al. 2013),circular plasmid DNA,Positive selectable markers,HR
5,AAACCAATACGACCCATTCT,42,LGC-45,ACAAAAACCAATACGACCCATTCTCGGCGC,31,Yes,Yes,28,1,3,DNA,K09B11.12 U6 promoter (Friedland et al. 2013),circular plasmid DNA,Positive selectable markers,HR
5,GTGAATTTTCTAGATCTTGG,42,C52B11.5,TAAAGTGAATTTTCTAGATCTTGGTGGCTT,31,Yes,Yes,31,3,3,DNA,K09B11.12 U6 promoter (Friedland et al. 2013),circular plasmid DNA,Positive selectable markers,HR
5,TACAGAGTCGCAGATGTTGG,42,C52B11.5,AAAATACAGAGTCGCAGATGTTGGTGGCGT,31,Yes,Yes,31,3,3,DNA,K09B11.12 U6 promoter (Friedland et al. 2013),circular plasmid DNA,Positive selectable markers,HR
5,CGCCTATCAAGTCCTCCACC,42,C34D4.2,TCTTCGCCTATCAAGTCCTCCACCCGGACA,31,Yes,Yes,26,2,3,DNA,K09B11.12 U6 promoter (Friedland et al. 2013),circular plasmid DNA,Positive selectable markers,HR
5,AGATTTTGGTTAGATTTCGA,42,C34D4.2,GGTTAGATTTTGGTTAGATTTCGAAGGCAA,31,Yes,Yes,26,2,3,DNA,K09B11.12 U6 promoter (Friedland et al. 2013),circular plasmid DNA,Positive selectable markers,HR
