Experimenter,sgRNA,sgRNA length,Gene target,30mer,GuideSoftware,Success,WormsInjected,SuccessfulInjections,InjectorExperienceLevel,DNA,Promoter,Cas9Form,ScreeningMethod,RepairMechanism,SuccessRate
1,GATTCTCGCGATAACCACGGTGG,23,rde-12,TCCAGATTCTCGCGATAACCACGGTGGAAG,No,Yes,160,95.0,2,DNA,K09B11.12 U6 promoter (Friedland et al. 2013),CIRCULAR PLASMID DNA,Positive selectable markers,NHEJ,0.59375
1,GGACATTGACACTAAAATCAAGG,23,dpy-13,CCATGGACATTGACACTAAAATCAAGGCCT,No,Yes,40,1.0,2,DNA,K09B11.12 U6 promoter (Friedland et al. 2013),CIRCULAR PLASMID DNA,PCR and/or DNA sequencing,NHEJ,0.025
1,GTTATGAAGCTGACGGCGGACGG,23,dpy-13,CTTCGTTATGAAGCTGACGGCGGACGGTAT,No,Yes,35,3.0,2,DNA,K09B11.12 U6 promoter (Friedland et al. 2013),CIRCULAR PLASMID DNA,phenotypic analysis,NHEJ,0.0857142857143
1,GGCAATGCTGAGTGACACGGTGG,23,dpy-7,CACTGGCAATGCTGAGTGACACGGTGGCTT,No,Yes,300,240.0,3,DNA,K09B11.12 U6 promoter (Friedland et al. 2013),CIRCULAR PLASMID DNA,phenotypic analysis,NHEJ,0.8
1,GCTACCATAGGCACCACGAGCGG,23,dpy-10,CTCCGCTACCATAGGCACCACGAGCGGTAC,No,Yes,250,246.0,2,DNA,K09B11.12 U6 promoter (Friedland et al. 2013),CIRCULAR PLASMID DNA,phenotypic analysis,NHEJ,0.984
1,GTTAGTGGTAGACTTCTTGGTGG,23,dpy-6,GAGCTTTAGTGGTAGACTTCTTGGTGGTGC,No,Yes,120,11.0,2,DNA,K09B11.12 U6 promoter (Friedland et al. 2013),CIRCULAR PLASMID DNA,phenotypic analysis ,NHEJ,0.0916666666667
1,GAAATTGAAGCAACAGTGGGCGG,23,dpy-6,TCAAGAAATTGAAGCAACAGTGGGCGGGCA,No,Yes,90,13.0,2,DNA,K09B11.12 U6 promoter (Friedland et al. 2013),CIRCULAR PLASMID DNA,phenotypic analysis,NHEJ,0.144444444444
1,GACTAAAATGTGAACGTATGAGG,23,rde-8,GAAAGACTAAAATGTGAACGTATGAGGAAT,No,Yes,25,6.0,2,DNA,K09B11.12 U6 promoter (Friedland et al. 2013),CIRCULAR PLASMID DNA,rde phenotypic analysis,NHEJ,0.24
1,GCTACCATAGGCACCACGAGCGG,23,dpy-10,CTCCGCTACCATAGGCACCACGAGCGGTAC,No,Yes,350,246.0,2,DNA,K09B11.12 U6 promoter (Friedland et al. 2013),CIRCULAR PLASMID DNA,phenotypic analysis,NHEJ,0.702857142857
2,AGGGATACTGGACAAATTGTGG,22,cdkl-1,AAAATAGGGATACTGGACAAATTGTGGCAA,Yes,Yes,20,1.0,1,DNA,K09B11.12 U6 promoter (Friedland et al. 2013),CIRCULAR PLASMID DNA,PCR and/or DNA sequencing,HR,0.05
3,CAGTACAATCAGGGACGTCACGG,23,pat-2,AGATCAGTACAATCAGGGACGTCACGGACA,Yes,Yes,45,2.0,3,DNA,R07E5.16 U6 promoter (Dickinson et al. 2013),CIRCULAR PLASMID DNA,Positive selectable markers,HR,0.0444444444444
3,CGAGAACCCAATCTACAAACAGG,23,pat-3,AGAACGAGAACCCAATCTACAAACAGGCCA,Yes,Yes,45,1.0,3,DNA,R07E5.16 U6 promoter (Dickinson et al. 2013),CIRCULAR PLASMID DNA,Positive selectable markers,HR,0.0222222222222
4,ATGATGAATGATAACGAAT,19,mei-1,GCAAGATGATGAATGATAACGAATAGGGAA,No,Yes,51,1.0,3,DNA,R07E5.16 U6 promoter (Dickinson et al. 2013),CIRCULAR PLASMID DNA,GFP fluorescence,HR,0.0196078431373
4,ACTGGAAAGGAAATTGAGC,19,ned-8,CCTTGACTGGAAAGGAAATTGAGCTGGACA,No,No,137,,3,DNA,R07E5.16 U6 promoter (Dickinson et al. 2013),CIRCULAR PLASMID DNA,Positive selectable markers,HR,0.0
4,TAATGGAGTACCGGCACTC,19,mel-26,TGTAGTAATGGAGTACCGGCACTCGGGGTT,No,No,132,,3,DNA,R07E5.16 U6 promoter (Dickinson et al. 2013),CIRCULAR PLASMID DNA,GFP fluorescence,HR,0.0
4,ACGGATTGTTCGGATATCG,19,cul-3,AATTGACGGATTGTTCGGATATCGCGGATA,No,Yes,83,1.0,3,DNA,R07E5.16 U6 promoter (Dickinson et al. 2013),CIRCULAR PLASMID DNA,GFP fluorescence,HR,0.0120481927711
4,GTACAAATGGCCACCTAAAA,20,aspm-1,CGCGGTACAAATGGCCACCTAAAACGGAGG,No,Yes,60,1.0,3,DNA,R07E5.16 U6 promoter (Dickinson et al. 2013),CIRCULAR PLASMID DNA,GFP fluorescence,HR,0.0166666666667
4,AGTACATAACCTGTGGACG,19,cul-2,CAGTGAGTACATAACCTGTGGACGAGGTGG,No,Yes,51,3.0,3,DNA,R07E5.16 U6 promoter (Dickinson et al. 2013),CIRCULAR PLASMID DNA,GFP fluoresence,HR,0.0588235294118
4,GGCTTTAAAATCAACTCACCG,21,sas-7,ACTAGGCTTAAAATCAACTCACCGTGGATG,No,Yes,48,4.0,3,DNA,R07E5.16 U6 promoter (Dickinson et al. 2013),CIRCULAR PLASMID DNA,GFP fluorescence,HR,0.0833333333333
4,GGCTTTAAAATCAACTCACCG,21,sas-7,ACTAGGCTTAAAATCAACTCACCGTGGATG,No,Yes,50,5.0,3,DNA,R07E5.16 U6 promoter (Dickinson et al. 2013),CIRCULAR PLASMID DNA,Co-CRISPR,NHEJ,0.1
4,CGGTGTTAAATCTCTACTGG,20,sas-7,CTTTAGACGGTGTTAAATCTCTACTGGAGG,No,Yes,50,5.0,3,DNA,R07E5.16 U6 promoter (Dickinson et al. 2013),CIRCULAR PLASMID DNA,Co-CRISPR,NHEJ,0.1
4,GGATCAATTCGATTCTCTAA,20,ani-1,TGGGGGATCAATTCGATTCTCTAATGGAAC,No,Yes,50,1.0,3,DNA,R07E5.16 U6 promoter (Dickinson et al. 2013),CIRCULAR PLASMID DNA,GFP fluorescence,HR,0.02
4,GTAGTCGTCGGATCACAGT,19,drp-1,AGATTGTAGTCGTCGGATCACAGTCGGCCG,No,Yes,24,1.0,3,DNA,R07E5.16 U6 promoter (Dickinson et al. 2013),CIRCULAR PLASMID DNA,GFP fluorescence,HR,0.0416666666667
4,ATGGGAATCGTGAGTATACG,20,ebp-2,ATTGATGGGAATCGTGAGTATACGGGGATA,No,Yes,50,1.0,3,RNA,,PROTEIN,Co-CRISPR,HR,0.02
4,TGAGTAGATTCCACTTCCAC,20,01-Apr,GTTGTGAGTAGATTCCACTTCCACCGGTAT,No,No,50,,3,RNA,,PROTEIN,Co-CRISPR,HR,0.0
5,AGGAGTTGGGAAAAGCGCAT,20,rap-3,ATGGAGGAGTTGGGAAAAGCGCATTGGTAA,Yes,Yes,42,9.0,3,DNA,K09B11.12 U6 promoter (Friedland et al. 2013),CIRCULAR PLASMID DNA,Positive selectable markers,HR,0.214285714286
5,GTGAATTTTCTAGATCTTGG,20,C52B11.5,TAAAGTGAATTTTCTAGATCTTGGTGGCTT,Yes,Yes,30,2.0,3,DNA,K09B11.12 U6 promoter (Friedland et al. 2013),CIRCULAR PLASMID DNA,Positive selectable markers,HR,0.0666666666667
5,GTACCTGTGCCTGAACCAAC,20,pqn-82,TACTGTACCTGTGCCTGAACCAACTGGTTC,Yes,No,67,,3,DNA,K09B11.12 U6 promoter (Friedland et al. 2013),CIRCULAR PLASMID DNA,Positive selectable markers,HR,0.0
5,TGAAATGAATGCTCCGATAA,20,C25A6.1,TGGTTGAAATGAATGCTCCGATAAAGGTGT,Yes,No,26,,3,DNA,K09B11.12 U6 promoter (Friedland et al. 2013),CIRCULAR PLASMID DNA,Positive selectable markers,HR,0.0
5,CTTCAAAACCTATAGATTGT,20,C25E10.12,TTATCTTCAAAACCTATAGATTGTTGGAAG,Yes,No,29,,3,DNA,K09B11.12 U6 promoter (Friedland et al. 2013),CIRCULAR PLASMID DNA,Positive selectable markers,HR,0.0
5,CAGCAGCCAATTGTACTTGT,20,T26C12.3,TTTTCAGCAGCCAATTGTACTTGTCGGATC,Yes,Yes,19,2.0,3,DNA,K09B11.12 U6 promoter (Friedland et al. 2013),CIRCULAR PLASMID DNA,Positive selectable markers,HR,0.105263157895
5,CCTCTGCTCCATCGTCTTCG,20,flp-32,CTCTCCTCTGCTCCATCGTCTTCGTGGAAG,Yes,No,22,,3,DNA,K09B11.12 U6 promoter (Friedland et al. 2013),CIRCULAR PLASMID DNA,Positive selectable markers,HR,0.0
5,CCTCTGCTCCATCGTCTTCG,20,flp-32,CTCTCCTCTGCTCCATCGTCTTCGTGGAAG,Yes,Yes,28,1.0,2,DNA,K09B11.12 U6 promoter (Friedland et al. 2013),CIRCULAR PLASMID DNA,Positive selectable markers,HR,0.0357142857143
5,CGTCCAAAGAGCCTTGCAGG,20,flp-8,AAGTCGTCCAAAGAGCCTTGCAGGAGGTGA,Yes,Yes,21,1.0,3,DNA,K09B11.12 U6 promoter (Friedland et al. 2013),CIRCULAR PLASMID DNA,Positive selectable markers,HR,0.047619047619
5,GAGATAATCGCGGTGCACGG,20,K01G5.9,CTGCGAGATAATCGCGGTGCACGGAGGTTT,Yes,Yes,25,1.0,3,DNA,K09B11.12 U6 promoter (Friedland et al. 2013),CIRCULAR PLASMID DNA,Positive selectable markers,HR,0.04
5,GCGAGAGACAACCGGAAAAG,20,Y67D8C.3,AAATGCGAGAGACAACCGGAAAAGTGGAGA,Yes,Yes,32,1.0,3,DNA,K09B11.12 U6 promoter (Friedland et al. 2013),CIRCULAR PLASMID DNA,Positive selectable markers,HR,0.03125
5,CCTGGGAAGACCTTTGAAGC,20,kin-24,GGTCGCTTCAAAGGTCTTCCCAGGCGGATT,Yes,No,27,,2,DNA,K09B11.12 U6 promoter (Friedland et al. 2013),CIRCULAR PLASMID DNA,Positive selectable markers,HR,0.0
5,CCTGGGAAGACCTTTGAAGC,20,kin-24,GGTCGCTTCAAAGGTCTTCCCAGGCGGATT,Yes,Yes,20,1.0,3,DNA,K09B11.12 U6 promoter (Friedland et al. 2013),CIRCULAR PLASMID DNA,Positive selectable markers,HR,0.05
5,TCTTCACGAATCTTCAGCTG,20,Y67D8C.3,AAGCTCTTCACGAATCTTCAGCTGCGGATT,Yes,Yes,20,1.0,2,DNA,K09B11.12 U6 promoter (Friedland et al. 2013),CIRCULAR PLASMID DNA,Positive selectable markers,HR,0.05
5,CACGAATAATGGAGAATCGG,20,Y67D8C.3,TAAACACGAATAATGGAGAATCGGTGGCGT,Yes,No,32,,3,DNA,K09B11.12 U6 promoter (Friedland et al. 2013),CIRCULAR PLASMID DNA,Positive selectable markers,HR,0.0
5,TCCCCAGTAAACTCTTCCGG,20,pry-1,AGCGTCCCCAGTAAACTCTTCCGGGGGCAC,Yes,Yes,46,5.0,3,DNA,K09B11.12 U6 promoter (Friedland et al. 2013),CIRCULAR PLASMID DNA,Positive selectable markers,HR,0.108695652174
5,TCGATTGCTCCTGTTCTTTG,20,T22C1.1,ACCATCGATTGCTCCTGTTCTTTGTGGAGA,Yes,Yes,78,1.0,3,DNA,K09B11.12 U6 promoter (Friedland et al. 2013),CIRCULAR PLASMID DNA,Positive selectable markers,HR,0.0128205128205
5,AACACGAAAAAATTAAGGGG,20,Y54G2A.23,ATGAAACACGAAAAAATTAAGGGGGGGGGG,Yes,Yes,76,3.0,2,DNA,K09B11.12 U6 promoter (Friedland et al. 2013),CIRCULAR PLASMID DNA,Positive selectable markers,HR,0.0394736842105
5,AAATCATCTATCGGCTTTGG,20,F18F11.5,ATAAAAATCATCTATCGGCTTTGGAGGATC,Yes,Yes,57,1.0,3,DNA,K09B11.12 U6 promoter (Friedland et al. 2013),CIRCULAR PLASMID DNA,Positive selectable markers,HR,0.0175438596491
5,TATGTGATAATCGGAGACGG,20,F11A5.3,CAAATATGTGATAATCGGAGACGGAGGCGT,Yes,Yes,21,2.0,3,DNA,K09B11.12 U6 promoter (Friedland et al. 2013),CIRCULAR PLASMID DNA,Positive selectable markers,HR,0.0952380952381
5,CTAAACGTCTGGGACATCGG,20,arl-3,ACGTCTAAACGTCTGGGACATCGGAGGTCA,Yes,Yes,63,1.0,3,DNA,K09B11.12 U6 promoter (Friedland et al. 2013),CIRCULAR PLASMID DNA,Positive selectable markers,HR,0.015873015873
5,GTAACTATTGTAGAATATTGG,21,unc-2,TTGCTAACTATTGTAGAATATTGGCGGGCA,No,Yes,37,1.0,3,DNA,K09B11.12 U6 promoter (Friedland et al. 2013),CIRCULAR PLASMID DNA,Positive selectable markers,HR,0.027027027027
5,GCTGAAATGTACAAAGAGGG,20,efk-1,AATGGCTGAAATGTACAAAGAGGGAGGTTA,Yes,Yes,40,2.0,3,DNA,K09B11.12 U6 promoter (Friedland et al. 2013),CIRCULAR PLASMID DNA,Positive selectable markers,HR,0.05
5,GGGGAATGAGAACGTAAAGG,20,F01D4.9,ATTGGGGGAATGAGAACGTAAAGGTGGAAG,Yes,Yes,41,1.0,2,RNA,K09B11.12 U6 promoter (Friedland et al. 2013),PROTEIN,Positive selectable markers,HR,0.0243902439024
5,GGGGAATGAGAACGTAAAGG,20,F01D4.9,ATTGGGGGAATGAGAACGTAAAGGTGGAAG,Yes,Yes,112,2.0,2,DNA,K09B11.12 U6 promoter (Friedland et al. 2013),CIRCULAR PLASMID DNA,Positive selectable markers,HR,0.0178571428571
5,GATATTCCACGTGTGTGTGG,20,C16A11.10,CATCGATATTCCACGTGTGTGTGGTGGATT,No,Yes,77,1.0,2,DNA,K09B11.12 U6 promoter (Friedland et al. 2013),CIRCULAR PLASMID DNA,Positive selectable markers,HR,0.012987012987
5,GACTTTTTGATTCTAACTGC,43,avr-15,"ACCTGACTTTTTGATTCTAACTGCTGGACA, ATATTGCACCAGTAAAACGAACACGGGATC",No,Yes,88,1.0,2,DNA,K09B11.12 U6 promoter (Friedland et al. 2013),CIRCULAR PLASMID DNA,Positive selectable markers,HR,0.0113636363636
5,GACGTGTATTCTGTGTCAAG,43,ubr-1,"CATTGACGTGTATTCTGTGTCAAGAGGATG, CCGTTGTGCAAACGATTGTCGAATGCGGCG",No,Yes,89,1.0,2,DNA,K09B11.12 U6 promoter (Friedland et al. 2013),CIRCULAR PLASMID DNA,Positive selectable markers,HR,0.0112359550562
4,TGTATCCGTTTCTTCAGTTG,42,nspc-1 to nspc-7,AAAATGTATCCGTTTCTTCAGTTGTGGCAC; ATTGAGTAAAGAGCAATTCAAGGCCGGTGA,Yes,Yes,88,6.0,3,DNA,K09B11.12 U6 promoter (Friedland et al. 2013),CIRCULAR PLASMID DNA,Positive selectable markers,HR,0.0681818181818
4,AATTTGAATATGCGCGGCAA,20,Y79H2A.4,TGAAAATTTGAATATGCGCGGCAAAGGTCA,Yes,Yes,28,2.0,3,DNA,K09B11.12 U6 promoter (Friedland et al. 2013),CIRCULAR PLASMID DNA,Positive selectable markers,HR,0.0714285714286
4,GGCAAACCCGGCTCACATCA,20,T08B6.5,ACATGGCAAACCCGGCTCACATCAAGGAGT,Yes,Yes,36,4.0,3,DNA,K09B11.12 U6 promoter (Friedland et al. 2013),CIRCULAR PLASMID DNA,Positive selectable markers,HR,0.111111111111
4,CATAACTCGAGAATTCTGTA,42,eif-3.G,"AGAGCATAACTCGAGAATTCTGTAAGGCGA, CATTGAGTTCTGCAATTGCACGGGCGGCGT",Yes,Yes,73,2.0,3,RNA,,PROTEIN,Positive selectable markers,HR,0.027397260274
4,AGTTTAATAAGCGCTGCCGG,42,srg-3 to srg-8,"GTATAAGTTTAATAAGCGCTGCCGGAGGAA, TGTACTAATCTTGTAGAAGTGTGTGGGTGA",Yes,Yes,38,2.0,3,DNA,K09B11.12 U6 promoter (Friedland et al. 2013),CIRCULAR PLASMID DNA,Positive selectable markers,HR,0.0526315789474
5,TCTTCTGAAATGGGGCGTGA,20,R08A2.2,AGCATCTTCTGAAATGGGGCGTGACGGATG,Yes,Yes,27,2.0,3,DNA,K09B11.12 U6 promoter (Friedland et al. 2013),CIRCULAR PLASMID DNA,Positive selectable markers,HR,0.0740740740741
5,CGTCTCCCGCTGCAACGAGA,20,W04C9.5,CCAGCGTCTCCCGCTGCAACGAGAAGGTAT,Yes,Yes,37,0.0,3,DNA,K09B11.12 U6 promoter (Friedland et al. 2013),CIRCULAR PLASMID DNA,Positive selectable markers,HR,0.0
5,GCTGAATTTCTTGAAGCGGA,20,flp-9,GTGTGCTGAATTTCTTGAAGCGGAAGGTTC,Yes,Yes,46,2.0,3,DNA,K09B11.12 U6 promoter (Friedland et al. 2013),CIRCULAR PLASMID DNA,Positive selectable markers,HR,0.0434782608696
5,TGGGATCCAAGTAAATATCG,20,lgc-10,AAGCTGGGATCCAAGTAAATATCGAGGTCA,Yes,Yes,19,2.0,3,DNA,K09B11.12 U6 promoter (Friedland et al. 2013),CIRCULAR PLASMID DNA,Positive selectable markers,HR,0.105263157895
5,GTTGATCCAACACAGCCTCT,20,lgc-15,ACCAGTTGATCCAACACAGCCTCTTGGACA,Yes,Yes,51,1.0,3,DNA,K09B11.12 U6 promoter (Friedland et al. 2013),CIRCULAR PLASMID DNA,Positive selectable markers,HR,0.0196078431373
5,ACTTTATTACCTGAAGTTGG,20,lgc-17,TTTTACTTTATTACCTGAAGTTGGTGGAGG,Yes,Yes,26,1.0,3,DNA,K09B11.12 U6 promoter (Friedland et al. 2013),CIRCULAR PLASMID DNA,Positive selectable markers,HR,0.0384615384615
5,GAGAGAGGAGGCCGTGGAGG,20,rsp-4,GGATGAGAGAGGAGGCCGTGGAGGTGGTGG,Yes,Yes,9,2.0,3,DNA,K09B11.12 U6 promoter (Friedland et al. 2013),CIRCULAR PLASMID DNA,Positive selectable markers,HR,0.222222222222
5,GAAATCGAAGAGCATTTTAA,20,EEED8.4,TGAAGAAATCGAAGAGCATTTTAAAGGATG,Yes,No,30,0.0,3,DNA,K09B11.12 U6 promoter (Friedland et al. 2013),CIRCULAR PLASMID DNA,Positive selectable markers,HR,0.0
5,GATGCCAAGTCTGTATTCAT,20,EEED8.12,AATTGATGCCAAGTCTGTATTCATTGGAAA,Yes,Yes,18,2.0,3,DNA,K09B11.12 U6 promoter (Friedland et al. 2013),CIRCULAR PLASMID DNA,Positive selectable markers,HR,0.111111111111
5,TATCGCCCAGTAAAATTGCT,20,lgc-31,GACATATCGCCCAGTAAAATTGCTAGGTGA,Yes,Yes,25,3.0,3,DNA,K09B11.12 U6 promoter (Friedland et al. 2013),CIRCULAR PLASMID DNA,Positive selectable markers,HR,0.12
5,GCACGTTATCGATGGAGATC,20,C50B8.1,GACCGCACGTTATCGATGGAGATCGGGTAT,Yes,Yes,23,2.0,3,DNA,K09B11.12 U6 promoter (Friedland et al. 2013),CIRCULAR PLASMID DNA,Positive selectable markers,HR,0.0869565217391
5,GATTACTTGTCTCGTACCGG,20,C25A1.4,CATTGATTACTTGTCTCGTACCGGAGGTGG,Yes,Yes,32,1.0,3,DNA,K09B11.12 U6 promoter (Friedland et al. 2013),CIRCULAR PLASMID DNA,Positive selectable markers,HR,0.03125
5,TCCGATTCGAGTGGTTCACG; AAACCAATACGACCCATTCT,42,lgc-45,"ACTGTCCGATTCGAGTGGTTCACGCGGCGA, ACAAAAACCAATACGACCCATTCTCGGCGC",Yes,Yes,28,1.0,3,DNA,K09B11.12 U6 promoter (Friedland et al. 2013),CIRCULAR PLASMID DNA,Positive selectable markers,HR,0.0357142857143
5,GTGAATTTTCTAGATCTTGG; TACAGAGTCGCAGATGTTGG,42,C52B11.5,"TAAAGTGAATTTTCTAGATCTTGGTGGCTT, AAAATACAGAGTCGCAGATGTTGGTGGCGT",Yes,Yes,31,3.0,3,DNA,K09B11.12 U6 promoter (Friedland et al. 2013),CIRCULAR PLASMID DNA,Positive selectable markers,HR,0.0967741935484
5,CGCCTATCAAGTCCTCCACC; AGATTTTGGTTAGATTTCGA,42,C34D4.2,"TCTTCGCCTATCAAGTCCTCCACCCGGACA, GGTTAGATTTTGGTTAGATTTCGAAGGCAA",Yes,Yes,26,2.0,3,DNA,K09B11.12 U6 promoter (Friedland et al. 2013),CIRCULAR PLASMID DNA,Positive selectable markers,HR,0.0769230769231
