Experimenter,sgRNA,sgRNA length,Gene target,30mer,GuideSoftware,Success,WormsInjected,SuccessfulInjections,InjectorExperienceLevel,DNA,Promoter,Cas9Form,ScreeningMethod,RepairMechanism,SuccessRate,sgRNAEnergy
1,GAUUCUCGCGAUAACCACGGUGGGUUUUAGAGCUAGAAAUAGCAAGUUAAAAUAAGGCUAGUCCGUUAUCAACUUGAAAAAGUGGCACCGAGUCGGUGCUUUUUUU,23,RDE-12,TCCAGATTCTCGCGATAACCACGGTGGAAG,No,Yes,160,95.0,2,DNA,K09B11.12 U6 promoter (Friedland et al. 2013),CIRCULAR PLASMID DNA,Positive selectable markers,NHEJ,0.59375,-29.0206
1,GGACAUUGACACUAAAAUCAAGGGUUUUAGAGCUAGAAAUAGCAAGUUAAAAUAAGGCUAGUCCGUUAUCAACUUGAAAAAGUGGCACCGAGUCGGUGCUUUUUUU,23,DPY-13,CCATGGACATTGACACTAAAATCAAGGCCT,No,Yes,40,1.0,2,DNA,K09B11.12 U6 promoter (Friedland et al. 2013),CIRCULAR PLASMID DNA,PCR and/or DNA sequencing,NHEJ,0.025,-30.0057
1,GUUAUGAAGCUGACGGCGGACGGGUUUUAGAGCUAGAAAUAGCAAGUUAAAAUAAGGCUAGUCCGUUAUCAACUUGAAAAAGUGGCACCGAGUCGGUGCUUUUUUU,23,DPY-13,CTTCGTTATGAAGCTGACGGCGGACGGTAT,No,Yes,35,3.0,2,DNA,K09B11.12 U6 promoter (Friedland et al. 2013),CIRCULAR PLASMID DNA,phenotypic analysis,NHEJ,0.0857142857143,-36.3935
1,GGCAAUGCUGAGUGACACGGUGGGUUUUAGAGCUAGAAAUAGCAAGUUAAAAUAAGGCUAGUCCGUUAUCAACUUGAAAAAGUGGCACCGAGUCGGUGCUUUUUUU,23,DPY-7,CACTGGCAATGCTGAGTGACACGGTGGCTT,No,Yes,300,240.0,3,DNA,K09B11.12 U6 promoter (Friedland et al. 2013),CIRCULAR PLASMID DNA,phenotypic analysis,NHEJ,0.8,-29.0832
1,GCUACCAUAGGCACCACGAGCGGGUUUUAGAGCUAGAAAUAGCAAGUUAAAAUAAGGCUAGUCCGUUAUCAACUUGAAAAAGUGGCACCGAGUCGGUGCUUUUUUU,23,DPY-10,CTCCGCTACCATAGGCACCACGAGCGGTAC,No,Yes,250,246.0,2,DNA,K09B11.12 U6 promoter (Friedland et al. 2013),CIRCULAR PLASMID DNA,phenotypic analysis,NHEJ,0.984,-27.9805
1,UUUAGUGGUAGACUUCUUGGUGGGUUUUAGAGCUAGAAAUAGCAAGUUAAAAUAAGGCUAGUCCGUUAUCAACUUGAAAAAGUGGCACCGAGUCGGUGCUUUUUUU,23,DPY-6,GAGCTTTAGTGGTAGACTTCTTGGTGGTGC,No,Yes,120,11.0,2,DNA,K09B11.12 U6 promoter (Friedland et al. 2013),CIRCULAR PLASMID DNA,phenotypic analysis ,NHEJ,0.0916666666667,-28.9956
1,GAAAUUGAAGCAACAGUGGGCGGGUUUUAGAGCUAGAAAUAGCAAGUUAAAAUAAGGCUAGUCCGUUAUCAACUUGAAAAAGUGGCACCGAGUCGGUGCUUUUUUU,23,DPY-6,TCAAGAAATTGAAGCAACAGTGGGCGGGCA,No,Yes,90,13.0,2,DNA,K09B11.12 U6 promoter (Friedland et al. 2013),CIRCULAR PLASMID DNA,phenotypic analysis,NHEJ,0.144444444444,-28.6507
1,GACUAAAAUGUGAACGUAUGAGGGUUUUAGAGCUAGAAAUAGCAAGUUAAAAUAAGGCUAGUCCGUUAUCAACUUGAAAAAGUGGCACCGAGUCGGUGCUUUUUUU,23,RDE-8,GAAAGACTAAAATGTGAACGTATGAGGAAT,No,Yes,25,6.0,2,DNA,K09B11.12 U6 promoter (Friedland et al. 2013),CIRCULAR PLASMID DNA,rde phenotypic analysis,NHEJ,0.24,-25.4194
1,GCUACCAUAGGCACCACGAGCGGGUUUUAGAGCUAGAAAUAGCAAGUUAAAAUAAGGCUAGUCCGUUAUCAACUUGAAAAAGUGGCACCGAGUCGGUGCUUUUUUU,23,DPY-10,CTCCGCTACCATAGGCACCACGAGCGGTAC,No,Yes,350,246.0,2,DNA,K09B11.12 U6 promoter (Friedland et al. 2013),CIRCULAR PLASMID DNA,phenotypic analysis,NHEJ,0.702857142857,-27.9805
2,UAGGGAUACUGGACAAAUUGUGGGUUUUAGAGCUAGAAAUAGCAAGUUAAAAUAAGGCUAGUCCGUUAUCAACUUGAAAAAGUGGCACCGAGUCGGUGCUUUUUUU,22,CDKL-1,AAAATAGGGATACTGGACAAATTGTGGCAA,Yes,Yes,20,1.0,1,DNA,K09B11.12 U6 promoter (Friedland et al. 2013),CIRCULAR PLASMID DNA,PCR and/or DNA sequencing,HR,0.05,-30.4391
3,CAGUACAAUCAGGGACGUCACGGGUUUUAGAGCUAGAAAUAGCAAGUUAAAAUAAGGCUAGUCCGUUAUCAACUUGAAAAAGUGGCACCGAGUCGGUGCUUUUUUU,23,PAT-2,AGATCAGTACAATCAGGGACGTCACGGACA,Yes,Yes,45,2.0,3,DNA,R07E5.16 U6 promoter (Dickinson et al. 2013),CIRCULAR PLASMID DNA,Positive selectable markers,HR,0.0444444444444,-28.8536
3,CGAGAACCCAAUCUACAAACAGGGUUUUAGAGCUAGAAAUAGCAAGUUAAAAUAAGGCUAGUCCGUUAUCAACUUGAAAAAGUGGCACCGAGUCGGUGCUUUUUUU,23,PAT-3,AGAACGAGAACCCAATCTACAAACAGGCCA,Yes,Yes,45,1.0,3,DNA,R07E5.16 U6 promoter (Dickinson et al. 2013),CIRCULAR PLASMID DNA,Positive selectable markers,HR,0.0222222222222,-28.5395
4,GAUGAUGAAUGAUAACGAAUAGGGUUUUAGAGCUAGAAAUAGCAAGUUAAAAUAAGGCUAGUCCGUUAUCAACUUGAAAAAGUGGCACCGAGUCGGUGCUUUUUUU,19,MEI-1,GCAAGATGATGAATGATAACGAATAGGGAA,No,Yes,51,1.0,3,DNA,R07E5.16 U6 promoter (Dickinson et al. 2013),CIRCULAR PLASMID DNA,GFP fluorescence,HR,0.0196078431373,-30.3761
4,GACUGGAAAGGAAAUUGAGCUGGGUUUUAGAGCUAGAAAUAGCAAGUUAAAAUAAGGCUAGUCCGUUAUCAACUUGAAAAAGUGGCACCGAGUCGGUGCUUUUUUU,19,NED-8,CCTTGACTGGAAAGGAAATTGAGCTGGACA,No,No,137,,3,DNA,R07E5.16 U6 promoter (Dickinson et al. 2013),CIRCULAR PLASMID DNA,Positive selectable markers,HR,0.0,-30.1789
4,GUAAUGGAGUACCGGCACUCGGGGUUUUAGAGCUAGAAAUAGCAAGUUAAAAUAAGGCUAGUCCGUUAUCAACUUGAAAAAGUGGCACCGAGUCGGUGCUUUUUUU,19,MEL-26,TGTAGTAATGGAGTACCGGCACTCGGGGTT,No,No,132,,3,DNA,R07E5.16 U6 promoter (Dickinson et al. 2013),CIRCULAR PLASMID DNA,GFP fluorescence,HR,0.0,-32.7454
4,GACGGAUUGUUCGGAUAUCGCGGGUUUUAGAGCUAGAAAUAGCAAGUUAAAAUAAGGCUAGUCCGUUAUCAACUUGAAAAAGUGGCACCGAGUCGGUGCUUUUUUU,19,CUL-3,AATTGACGGATTGTTCGGATATCGCGGATA,No,Yes,83,1.0,3,DNA,R07E5.16 U6 promoter (Dickinson et al. 2013),CIRCULAR PLASMID DNA,GFP fluorescence,HR,0.0120481927711,-31.2224
4,GUACAAAUGGCCACCUAAAACGGGUUUUAGAGCUAGAAAUAGCAAGUUAAAAUAAGGCUAGUCCGUUAUCAACUUGAAAAAGUGGCACCGAGUCGGUGCUUUUUUU,20,ASPM-1,CGCGGTACAAATGGCCACCTAAAACGGAGG,No,Yes,60,1.0,3,DNA,R07E5.16 U6 promoter (Dickinson et al. 2013),CIRCULAR PLASMID DNA,GFP fluorescence,HR,0.0166666666667,-27.797
4,GAGUACAUAACCUGUGGACGAGGGUUUUAGAGCUAGAAAUAGCAAGUUAAAAUAAGGCUAGUCCGUUAUCAACUUGAAAAAGUGGCACCGAGUCGGUGCUUUUUUU,19,CUL-2,CAGTGAGTACATAACCTGTGGACGAGGTGG,No,Yes,51,3.0,3,DNA,R07E5.16 U6 promoter (Dickinson et al. 2013),CIRCULAR PLASMID DNA,GFP fluoresence,HR,0.0588235294118,-29.2945
4,GGCUUAAAAUCAACUCACCGUGGGUUUUAGAGCUAGAAAUAGCAAGUUAAAAUAAGGCUAGUCCGUUAUCAACUUGAAAAAGUGGCACCGAGUCGGUGCUUUUUUU,21,SAS-7,ACTAGGCTTAAAATCAACTCACCGTGGATG,No,Yes,48,4.0,3,DNA,R07E5.16 U6 promoter (Dickinson et al. 2013),CIRCULAR PLASMID DNA,GFP fluorescence,HR,0.0833333333333,-29.5038
4,GGCUUAAAAUCAACUCACCGUGGGUUUUAGAGCUAGAAAUAGCAAGUUAAAAUAAGGCUAGUCCGUUAUCAACUUGAAAAAGUGGCACCGAGUCGGUGCUUUUUUU,21,SAS-7,ACTAGGCTTAAAATCAACTCACCGTGGATG,No,Yes,50,5.0,3,DNA,R07E5.16 U6 promoter (Dickinson et al. 2013),CIRCULAR PLASMID DNA,Co-CRISPR,NHEJ,0.1,-29.5038
4,AGACGGUGUUAAAUCUCUACUGGGUUUUAGAGCUAGAAAUAGCAAGUUAAAAUAAGGCUAGUCCGUUAUCAACUUGAAAAAGUGGCACCGAGUCGGUGCUUUUUUU,20,SAS-7,CTTTAGACGGTGTTAAATCTCTACTGGAGG,No,Yes,50,5.0,3,DNA,R07E5.16 U6 promoter (Dickinson et al. 2013),CIRCULAR PLASMID DNA,Co-CRISPR,NHEJ,0.1,-28.6768
4,GGAUCAAUUCGAUUCUCUAAUGGGUUUUAGAGCUAGAAAUAGCAAGUUAAAAUAAGGCUAGUCCGUUAUCAACUUGAAAAAGUGGCACCGAGUCGGUGCUUUUUUU,20,ANI-1,TGGGGGATCAATTCGATTCTCTAATGGAAC,No,Yes,50,1.0,3,DNA,R07E5.16 U6 promoter (Dickinson et al. 2013),CIRCULAR PLASMID DNA,GFP fluorescence,HR,0.02,-28.364
4,UGUAGUCGUCGGAUCACAGUCGGGUUUUAGAGCUAGAAAUAGCAAGUUAAAAUAAGGCUAGUCCGUUAUCAACUUGAAAAAGUGGCACCGAGUCGGUGCUUUUUUU,19,DRP-1,AGATTGTAGTCGTCGGATCACAGTCGGCCG,No,Yes,24,1.0,3,DNA,R07E5.16 U6 promoter (Dickinson et al. 2013),CIRCULAR PLASMID DNA,GFP fluorescence,HR,0.0416666666667,-31.5366
4,AUGGGAAUCGUGAGUAUACGGGGGUUUUAGAGCUAGAAAUAGCAAGUUAAAAUAAGGCUAGUCCGUUAUCAACUUGAAAAAGUGGCACCGAGUCGGUGCUUUUUUU,20,EBP-2,ATTGATGGGAATCGTGAGTATACGGGGATA,No,Yes,50,1.0,3,RNA,,PROTEIN,Co-CRISPR,HR,0.02,-27.8994
4,UGAGUAGAUUCCACUUCCACCGGGUUUUAGAGCUAGAAAUAGCAAGUUAAAAUAAGGCUAGUCCGUUAUCAACUUGAAAAAGUGGCACCGAGUCGGUGCUUUUUUU,20,01-APR,GTTGTGAGTAGATTCCACTTCCACCGGTAT,No,No,50,,3,RNA,,PROTEIN,Co-CRISPR,HR,0.0,-27.0613
5,AGGAGUUGGGAAAAGCGCAUUGGGUUUUAGAGCUAGAAAUAGCAAGUUAAAAUAAGGCUAGUCCGUUAUCAACUUGAAAAAGUGGCACCGAGUCGGUGCUUUUUUU,20,RAP-3,ATGGAGGAGTTGGGAAAAGCGCATTGGTAA,Yes,Yes,42,9.0,3,DNA,K09B11.12 U6 promoter (Friedland et al. 2013),CIRCULAR PLASMID DNA,Positive selectable markers,HR,0.214285714286,-30.9494
5,GUGAAUUUUCUAGAUCUUGGUGGGUUUUAGAGCUAGAAAUAGCAAGUUAAAAUAAGGCUAGUCCGUUAUCAACUUGAAAAAGUGGCACCGAGUCGGUGCUUUUUUU,20,C52B11.5,TAAAGTGAATTTTCTAGATCTTGGTGGCTT,Yes,Yes,30,2.0,3,DNA,K09B11.12 U6 promoter (Friedland et al. 2013),CIRCULAR PLASMID DNA,Positive selectable markers,HR,0.0666666666667,-28.8931
5,GUACCUGUGCCUGAACCAACUGGGUUUUAGAGCUAGAAAUAGCAAGUUAAAAUAAGGCUAGUCCGUUAUCAACUUGAAAAAGUGGCACCGAGUCGGUGCUUUUUUU,20,PQN-82,TACTGTACCTGTGCCTGAACCAACTGGTTC,Yes,No,67,,3,DNA,K09B11.12 U6 promoter (Friedland et al. 2013),CIRCULAR PLASMID DNA,Positive selectable markers,HR,0.0,-29.7427
5,UGAAAUGAAUGCUCCGAUAAAGGGUUUUAGAGCUAGAAAUAGCAAGUUAAAAUAAGGCUAGUCCGUUAUCAACUUGAAAAAGUGGCACCGAGUCGGUGCUUUUUUU,20,C25A6.1,TGGTTGAAATGAATGCTCCGATAAAGGTGT,Yes,No,26,,3,DNA,K09B11.12 U6 promoter (Friedland et al. 2013),CIRCULAR PLASMID DNA,Positive selectable markers,HR,0.0,-25.9102
5,CUUCAAAACCUAUAGAUUGUUGGGUUUUAGAGCUAGAAAUAGCAAGUUAAAAUAAGGCUAGUCCGUUAUCAACUUGAAAAAGUGGCACCGAGUCGGUGCUUUUUUU,20,C25E10.12,TTATCTTCAAAACCTATAGATTGTTGGAAG,Yes,No,29,,3,DNA,K09B11.12 U6 promoter (Friedland et al. 2013),CIRCULAR PLASMID DNA,Positive selectable markers,HR,0.0,-30.4467
5,CAGCAGCCAAUUGUACUUGUCGGGUUUUAGAGCUAGAAAUAGCAAGUUAAAAUAAGGCUAGUCCGUUAUCAACUUGAAAAAGUGGCACCGAGUCGGUGCUUUUUUU,20,T26C12.3,TTTTCAGCAGCCAATTGTACTTGTCGGATC,Yes,Yes,19,2.0,3,DNA,K09B11.12 U6 promoter (Friedland et al. 2013),CIRCULAR PLASMID DNA,Positive selectable markers,HR,0.105263157895,-27.8549
5,CCUCUGCUCCAUCGUCUUCGUGGGUUUUAGAGCUAGAAAUAGCAAGUUAAAAUAAGGCUAGUCCGUUAUCAACUUGAAAAAGUGGCACCGAGUCGGUGCUUUUUUU,20,FLP-32,CTCTCCTCTGCTCCATCGTCTTCGTGGAAG,Yes,No,22,,3,DNA,K09B11.12 U6 promoter (Friedland et al. 2013),CIRCULAR PLASMID DNA,Positive selectable markers,HR,0.0,-29.6429
5,CCUCUGCUCCAUCGUCUUCGUGGGUUUUAGAGCUAGAAAUAGCAAGUUAAAAUAAGGCUAGUCCGUUAUCAACUUGAAAAAGUGGCACCGAGUCGGUGCUUUUUUU,20,FLP-32,CTCTCCTCTGCTCCATCGTCTTCGTGGAAG,Yes,Yes,28,1.0,2,DNA,K09B11.12 U6 promoter (Friedland et al. 2013),CIRCULAR PLASMID DNA,Positive selectable markers,HR,0.0357142857143,-29.6429
5,CGUCCAAAGAGCCUUGCAGGAGGGUUUUAGAGCUAGAAAUAGCAAGUUAAAAUAAGGCUAGUCCGUUAUCAACUUGAAAAAGUGGCACCGAGUCGGUGCUUUUUUU,20,FLP-8,AAGTCGTCCAAAGAGCCTTGCAGGAGGTGA,Yes,Yes,21,1.0,3,DNA,K09B11.12 U6 promoter (Friedland et al. 2013),CIRCULAR PLASMID DNA,Positive selectable markers,HR,0.047619047619,-29.4205
5,GAGAUAAUCGCGGUGCACGGAGGGUUUUAGAGCUAGAAAUAGCAAGUUAAAAUAAGGCUAGUCCGUUAUCAACUUGAAAAAGUGGCACCGAGUCGGUGCUUUUUUU,20,K01G5.9,CTGCGAGATAATCGCGGTGCACGGAGGTTT,Yes,Yes,25,1.0,3,DNA,K09B11.12 U6 promoter (Friedland et al. 2013),CIRCULAR PLASMID DNA,Positive selectable markers,HR,0.04,-30.3568
5,GCGAGAGACAACCGGAAAAGUGGGUUUUAGAGCUAGAAAUAGCAAGUUAAAAUAAGGCUAGUCCGUUAUCAACUUGAAAAAGUGGCACCGAGUCGGUGCUUUUUUU,20,Y67D8C.3,AAATGCGAGAGACAACCGGAAAAGTGGAGA,Yes,Yes,32,1.0,3,DNA,K09B11.12 U6 promoter (Friedland et al. 2013),CIRCULAR PLASMID DNA,Positive selectable markers,HR,0.03125,-32.2027
5,GCUUCAAAGGUCUUCCCAGGCGGGUUUUAGAGCUAGAAAUAGCAAGUUAAAAUAAGGCUAGUCCGUUAUCAACUUGAAAAAGUGGCACCGAGUCGGUGCUUUUUUU,20,KIN-24,GGTCGCTTCAAAGGTCTTCCCAGGCGGATT,Yes,No,27,,2,DNA,K09B11.12 U6 promoter (Friedland et al. 2013),CIRCULAR PLASMID DNA,Positive selectable markers,HR,0.0,-28.2111
5,GCUUCAAAGGUCUUCCCAGGCGGGUUUUAGAGCUAGAAAUAGCAAGUUAAAAUAAGGCUAGUCCGUUAUCAACUUGAAAAAGUGGCACCGAGUCGGUGCUUUUUUU,20,KIN-24,GGTCGCTTCAAAGGTCTTCCCAGGCGGATT,Yes,Yes,20,1.0,3,DNA,K09B11.12 U6 promoter (Friedland et al. 2013),CIRCULAR PLASMID DNA,Positive selectable markers,HR,0.05,-28.2111
5,UCUUCACGAAUCUUCAGCUGCGGGUUUUAGAGCUAGAAAUAGCAAGUUAAAAUAAGGCUAGUCCGUUAUCAACUUGAAAAAGUGGCACCGAGUCGGUGCUUUUUUU,20,Y67D8C.3,AAGCTCTTCACGAATCTTCAGCTGCGGATT,Yes,Yes,20,1.0,2,DNA,K09B11.12 U6 promoter (Friedland et al. 2013),CIRCULAR PLASMID DNA,Positive selectable markers,HR,0.05,-26.4975
5,CACGAAUAAUGGAGAAUCGGUGGGUUUUAGAGCUAGAAAUAGCAAGUUAAAAUAAGGCUAGUCCGUUAUCAACUUGAAAAAGUGGCACCGAGUCGGUGCUUUUUUU,20,Y67D8C.3,TAAACACGAATAATGGAGAATCGGTGGCGT,Yes,No,32,,3,DNA,K09B11.12 U6 promoter (Friedland et al. 2013),CIRCULAR PLASMID DNA,Positive selectable markers,HR,0.0,-30.1049
5,UCCCCAGUAAACUCUUCCGGGGGGUUUUAGAGCUAGAAAUAGCAAGUUAAAAUAAGGCUAGUCCGUUAUCAACUUGAAAAAGUGGCACCGAGUCGGUGCUUUUUUU,20,PRY-1,AGCGTCCCCAGTAAACTCTTCCGGGGGCAC,Yes,Yes,46,5.0,3,DNA,K09B11.12 U6 promoter (Friedland et al. 2013),CIRCULAR PLASMID DNA,Positive selectable markers,HR,0.108695652174,-29.4497
5,UCGAUUGCUCCUGUUCUUUGUGGGUUUUAGAGCUAGAAAUAGCAAGUUAAAAUAAGGCUAGUCCGUUAUCAACUUGAAAAAGUGGCACCGAGUCGGUGCUUUUUUU,20,T22C1.1,ACCATCGATTGCTCCTGTTCTTTGTGGAGA,Yes,Yes,78,1.0,3,DNA,K09B11.12 U6 promoter (Friedland et al. 2013),CIRCULAR PLASMID DNA,Positive selectable markers,HR,0.0128205128205,-26.5606
5,AACACGAAAAAAUUAAGGGGGGGGUUUUAGAGCUAGAAAUAGCAAGUUAAAAUAAGGCUAGUCCGUUAUCAACUUGAAAAAGUGGCACCGAGUCGGUGCUUUUUUU,20,Y54G2A.23,ATGAAACACGAAAAAATTAAGGGGGGGGGG,Yes,Yes,76,3.0,2,DNA,K09B11.12 U6 promoter (Friedland et al. 2013),CIRCULAR PLASMID DNA,Positive selectable markers,HR,0.0394736842105,-26.0987
5,AAAUCAUCUAUCGGCUUUGGAGGGUUUUAGAGCUAGAAAUAGCAAGUUAAAAUAAGGCUAGUCCGUUAUCAACUUGAAAAAGUGGCACCGAGUCGGUGCUUUUUUU,20,F18F11.5,ATAAAAATCATCTATCGGCTTTGGAGGATC,Yes,Yes,57,1.0,3,DNA,K09B11.12 U6 promoter (Friedland et al. 2013),CIRCULAR PLASMID DNA,Positive selectable markers,HR,0.0175438596491,-29.2365
5,UAUGUGAUAAUCGGAGACGGAGGGUUUUAGAGCUAGAAAUAGCAAGUUAAAAUAAGGCUAGUCCGUUAUCAACUUGAAAAAGUGGCACCGAGUCGGUGCUUUUUUU,20,F11A5.3,CAAATATGTGATAATCGGAGACGGAGGCGT,Yes,Yes,21,2.0,3,DNA,K09B11.12 U6 promoter (Friedland et al. 2013),CIRCULAR PLASMID DNA,Positive selectable markers,HR,0.0952380952381,-32.1036
5,CUAAACGUCUGGGACAUCGGAGGGUUUUAGAGCUAGAAAUAGCAAGUUAAAAUAAGGCUAGUCCGUUAUCAACUUGAAAAAGUGGCACCGAGUCGGUGCUUUUUUU,20,ARL-3,ACGTCTAAACGTCTGGGACATCGGAGGTCA,Yes,Yes,63,1.0,3,DNA,K09B11.12 U6 promoter (Friedland et al. 2013),CIRCULAR PLASMID DNA,Positive selectable markers,HR,0.015873015873,-28.6249
5,UAACUAUUGUAGAAUAUUGGCGGGUUUUAGAGCUAGAAAUAGCAAGUUAAAAUAAGGCUAGUCCGUUAUCAACUUGAAAAAGUGGCACCGAGUCGGUGCUUUUUUU,21,UNC-2,TTGCTAACTATTGTAGAATATTGGCGGGCA,No,Yes,37,1.0,3,DNA,K09B11.12 U6 promoter (Friedland et al. 2013),CIRCULAR PLASMID DNA,Positive selectable markers,HR,0.027027027027,-27.8348
5,GCUGAAAUGUACAAAGAGGGAGGGUUUUAGAGCUAGAAAUAGCAAGUUAAAAUAAGGCUAGUCCGUUAUCAACUUGAAAAAGUGGCACCGAGUCGGUGCUUUUUUU,20,EFK-1,AATGGCTGAAATGTACAAAGAGGGAGGTTA,Yes,Yes,40,2.0,3,DNA,K09B11.12 U6 promoter (Friedland et al. 2013),CIRCULAR PLASMID DNA,Positive selectable markers,HR,0.05,-26.2096
5,GGGGAAUGAGAACGUAAAGGUGGGUUUUAGAGCUAGAAAUAGCAAGUUAAAAUAAGGCUAGUCCGUUAUCAACUUGAAAAAGUGGCACCGAGUCGGUGCUUUUUUU,20,F01D4.9,ATTGGGGGAATGAGAACGTAAAGGTGGAAG,Yes,Yes,41,1.0,2,RNA,K09B11.12 U6 promoter (Friedland et al. 2013),PROTEIN,Positive selectable markers,HR,0.0243902439024,-27.7686
5,GGGGAAUGAGAACGUAAAGGUGGGUUUUAGAGCUAGAAAUAGCAAGUUAAAAUAAGGCUAGUCCGUUAUCAACUUGAAAAAGUGGCACCGAGUCGGUGCUUUUUUU,20,F01D4.9,ATTGGGGGAATGAGAACGTAAAGGTGGAAG,Yes,Yes,112,2.0,2,DNA,K09B11.12 U6 promoter (Friedland et al. 2013),CIRCULAR PLASMID DNA,Positive selectable markers,HR,0.0178571428571,-27.7686
5,GAUAUUCCACGUGUGUGUGGUGGGUUUUAGAGCUAGAAAUAGCAAGUUAAAAUAAGGCUAGUCCGUUAUCAACUUGAAAAAGUGGCACCGAGUCGGUGCUUUUUUU,20,C16A11.10,CATCGATATTCCACGTGTGTGTGGTGGATT,No,Yes,77,1.0,2,DNA,K09B11.12 U6 promoter (Friedland et al. 2013),CIRCULAR PLASMID DNA,Positive selectable markers,HR,0.012987012987,-28.2287
5,GACUUUUUGAUUCUAACUGCUGGGUUUUAGAGCUAGAAAUAGCAAGUUAAAAUAAGGCUAGUCCGUUAUCAACUUGAAAAAGUGGCACCGAGUCGGUGCUUUUUUU,43,AVR-15,ACCTGACTTTTTGATTCTAACTGCTGGACA,No,Yes,88,1.0,2,DNA,K09B11.12 U6 promoter (Friedland et al. 2013),CIRCULAR PLASMID DNA,Positive selectable markers,HR,0.0113636363636,-29.0827
5,UGCACCAGUAAAACGAACACGGGGUUUUAGAGCUAGAAAUAGCAAGUUAAAAUAAGGCUAGUCCGUUAUCAACUUGAAAAAGUGGCACCGAGUCGGUGCUUUUUUU,43,AVR-15,ATATTGCACCAGTAAAACGAACACGGGATC,No,Yes,88,1.0,2,DNA,K09B11.12 U6 promoter (Friedland et al. 2013),CIRCULAR PLASMID DNA,Positive selectable markers,HR,0.0113636363636,-26.014
5,GACGUGUAUUCUGUGUCAAGAGGGUUUUAGAGCUAGAAAUAGCAAGUUAAAAUAAGGCUAGUCCGUUAUCAACUUGAAAAAGUGGCACCGAGUCGGUGCUUUUUUU,43,UBR-1,CATTGACGTGTATTCTGTGTCAAGAGGATG,No,Yes,89,1.0,2,DNA,K09B11.12 U6 promoter (Friedland et al. 2013),CIRCULAR PLASMID DNA,Positive selectable markers,HR,0.0112359550562,-26.1146
4,UGUAUCCGUUUCUUCAGUUGUGGGUUUUAGAGCUAGAAAUAGCAAGUUAAAAUAAGGCUAGUCCGUUAUCAACUUGAAAAAGUGGCACCGAGUCGGUGCUUUUUUU,42,NSPC-1 TO NSPC-7,AAAATGTATCCGTTTCTTCAGTTGTGGCAC,Yes,Yes,88,6.0,3,DNA,K09B11.12 U6 promoter (Friedland et al. 2013),CIRCULAR PLASMID DNA,Positive selectable markers,HR,0.0681818181818,-26.9795
4,AGUAAAGAGCAAUUCAAGGCCGGGUUUUAGAGCUAGAAAUAGCAAGUUAAAAUAAGGCUAGUCCGUUAUCAACUUGAAAAAGUGGCACCGAGUCGGUGCUUUUUUU,42,NSPC-1 TO NSPC-7,ATTGAGTAAAGAGCAATTCAAGGCCGGTGA,Yes,Yes,88,6.0,3,DNA,K09B11.12 U6 promoter (Friedland et al. 2013),CIRCULAR PLASMID DNA,Positive selectable markers,HR,0.0681818181818,-28.8914
4,AAUUUGAAUAUGCGCGGCAAAGGGUUUUAGAGCUAGAAAUAGCAAGUUAAAAUAAGGCUAGUCCGUUAUCAACUUGAAAAAGUGGCACCGAGUCGGUGCUUUUUUU,20,Y79H2A.4,TGAAAATTTGAATATGCGCGGCAAAGGTCA,Yes,Yes,28,2.0,3,DNA,K09B11.12 U6 promoter (Friedland et al. 2013),CIRCULAR PLASMID DNA,Positive selectable markers,HR,0.0714285714286,-27.5332
4,GGCAAACCCGGCUCACAUCAAGGGUUUUAGAGCUAGAAAUAGCAAGUUAAAAUAAGGCUAGUCCGUUAUCAACUUGAAAAAGUGGCACCGAGUCGGUGCUUUUUUU,20,T08B6.5,ACATGGCAAACCCGGCTCACATCAAGGAGT,Yes,Yes,36,4.0,3,DNA,K09B11.12 U6 promoter (Friedland et al. 2013),CIRCULAR PLASMID DNA,Positive selectable markers,HR,0.111111111111,-28.5462
4,CAUAACUCGAGAAUUCUGUAAGGGUUUUAGAGCUAGAAAUAGCAAGUUAAAAUAAGGCUAGUCCGUUAUCAACUUGAAAAAGUGGCACCGAGUCGGUGCUUUUUUU,42,EIF-3.G,AGAGCATAACTCGAGAATTCTGTAAGGCGA,Yes,Yes,73,2.0,3,RNA,,PROTEIN,Positive selectable markers,HR,0.027397260274,-28.0386
4,GAGUUCUGCAAUUGCACGGGCGGGUUUUAGAGCUAGAAAUAGCAAGUUAAAAUAAGGCUAGUCCGUUAUCAACUUGAAAAAGUGGCACCGAGUCGGUGCUUUUUUU,42,EIF-3.G,CATTGAGTTCTGCAATTGCACGGGCGGCGT,Yes,Yes,73,2.0,3,RNA,,PROTEIN,Positive selectable markers,HR,0.027397260274,-32.3033
4,AGUUUAAUAAGCGCUGCCGGAGGGUUUUAGAGCUAGAAAUAGCAAGUUAAAAUAAGGCUAGUCCGUUAUCAACUUGAAAAAGUGGCACCGAGUCGGUGCUUUUUUU,42,SRG-3 TO SRG-8,TATAAGTTTAATAAGCGCTGCCGGAGGAAA,Yes,Yes,38,2.0,3,DNA,K09B11.12 U6 promoter (Friedland et al. 2013),CIRCULAR PLASMID DNA,Positive selectable markers,HR,0.0526315789474,-28.7459
4,CUAAUCUUGUAGAAGUGUGUGGGGUUUUAGAGCUAGAAAUAGCAAGUUAAAAUAAGGCUAGUCCGUUAUCAACUUGAAAAAGUGGCACCGAGUCGGUGCUUUUUUU,42,SRG-3 TO SRG-8,TGTACTAATCTTGTAGAAGTGTGTGGGTGA,Yes,Yes,38,2.0,3,DNA,K09B11.12 U6 promoter (Friedland et al. 2013),CIRCULAR PLASMID DNA,Positive selectable markers,HR,0.0526315789474,-24.7477
5,UCUUCUGAAAUGGGGCGUGACGGGUUUUAGAGCUAGAAAUAGCAAGUUAAAAUAAGGCUAGUCCGUUAUCAACUUGAAAAAGUGGCACCGAGUCGGUGCUUUUUUU,20,R08A2.2,AGCATCTTCTGAAATGGGGCGTGACGGATG,Yes,Yes,27,2.0,3,DNA,K09B11.12 U6 promoter (Friedland et al. 2013),CIRCULAR PLASMID DNA,Positive selectable markers,HR,0.0740740740741,-30.3804
5,CGUCUCCCGCUGCAACGAGAAGGGUUUUAGAGCUAGAAAUAGCAAGUUAAAAUAAGGCUAGUCCGUUAUCAACUUGAAAAAGUGGCACCGAGUCGGUGCUUUUUUU,20,W04C9.5,CCAGCGTCTCCCGCTGCAACGAGAAGGTAT,Yes,Yes,37,0.0,3,DNA,K09B11.12 U6 promoter (Friedland et al. 2013),CIRCULAR PLASMID DNA,Positive selectable markers,HR,0.0,-26.4628
5,GCUGAAUUUCUUGAAGCGGAAGGGUUUUAGAGCUAGAAAUAGCAAGUUAAAAUAAGGCUAGUCCGUUAUCAACUUGAAAAAGUGGCACCGAGUCGGUGCUUUUUUU,20,FLP-9,GTGTGCTGAATTTCTTGAAGCGGAAGGTTC,Yes,Yes,46,2.0,3,DNA,K09B11.12 U6 promoter (Friedland et al. 2013),CIRCULAR PLASMID DNA,Positive selectable markers,HR,0.0434782608696,-30.9885
5,UGGGAUCCAAGUAAAUAUCGAGGGUUUUAGAGCUAGAAAUAGCAAGUUAAAAUAAGGCUAGUCCGUUAUCAACUUGAAAAAGUGGCACCGAGUCGGUGCUUUUUUU,20,LGC-10,AAGCTGGGATCCAAGTAAATATCGAGGTCA,Yes,Yes,19,2.0,3,DNA,K09B11.12 U6 promoter (Friedland et al. 2013),CIRCULAR PLASMID DNA,Positive selectable markers,HR,0.105263157895,-27.5188
5,GUUGAUCCAACACAGCCUCUUGGGUUUUAGAGCUAGAAAUAGCAAGUUAAAAUAAGGCUAGUCCGUUAUCAACUUGAAAAAGUGGCACCGAGUCGGUGCUUUUUUU,20,LGC-15,ACCAGTTGATCCAACACAGCCTCTTGGACA,Yes,Yes,51,1.0,3,DNA,K09B11.12 U6 promoter (Friedland et al. 2013),CIRCULAR PLASMID DNA,Positive selectable markers,HR,0.0196078431373,-31.0477
5,ACUUUAUUACCUGAAGUUGGUGGGUUUUAGAGCUAGAAAUAGCAAGUUAAAAUAAGGCUAGUCCGUUAUCAACUUGAAAAAGUGGCACCGAGUCGGUGCUUUUUUU,20,LGC-17,TTTTACTTTATTACCTGAAGTTGGTGGAGG,Yes,Yes,26,1.0,3,DNA,K09B11.12 U6 promoter (Friedland et al. 2013),CIRCULAR PLASMID DNA,Positive selectable markers,HR,0.0384615384615,-28.7336
5,GAGAGAGGAGGCCGUGGAGGUGGGUUUUAGAGCUAGAAAUAGCAAGUUAAAAUAAGGCUAGUCCGUUAUCAACUUGAAAAAGUGGCACCGAGUCGGUGCUUUUUUU,20,RSP-4,GGATGAGAGAGGAGGCCGTGGAGGTGGTGG,Yes,Yes,9,2.0,3,DNA,K09B11.12 U6 promoter (Friedland et al. 2013),CIRCULAR PLASMID DNA,Positive selectable markers,HR,0.222222222222,-29.3329
5,GAAAUCGAAGAGCAUUUUAAAGGGUUUUAGAGCUAGAAAUAGCAAGUUAAAAUAAGGCUAGUCCGUUAUCAACUUGAAAAAGUGGCACCGAGUCGGUGCUUUUUUU,20,EEED8.4,TGAAGAAATCGAAGAGCATTTTAAAGGATG,Yes,No,30,0.0,3,DNA,K09B11.12 U6 promoter (Friedland et al. 2013),CIRCULAR PLASMID DNA,Positive selectable markers,HR,0.0,-24.5628
5,GAUGCCAAGUCUGUAUUCAUUGGGUUUUAGAGCUAGAAAUAGCAAGUUAAAAUAAGGCUAGUCCGUUAUCAACUUGAAAAAGUGGCACCGAGUCGGUGCUUUUUUU,20,EEED8.12,AATTGATGCCAAGTCTGTATTCATTGGAAA,Yes,Yes,18,2.0,3,DNA,K09B11.12 U6 promoter (Friedland et al. 2013),CIRCULAR PLASMID DNA,Positive selectable markers,HR,0.111111111111,-26.8426
5,UAUCGCCCAGUAAAAUUGCUAGGGUUUUAGAGCUAGAAAUAGCAAGUUAAAAUAAGGCUAGUCCGUUAUCAACUUGAAAAAGUGGCACCGAGUCGGUGCUUUUUUU,20,LGC-31,GACATATCGCCCAGTAAAATTGCTAGGTGA,Yes,Yes,25,3.0,3,DNA,K09B11.12 U6 promoter (Friedland et al. 2013),CIRCULAR PLASMID DNA,Positive selectable markers,HR,0.12,-29.9882
5,GCACGUUAUCGAUGGAGAUCGGGGUUUUAGAGCUAGAAAUAGCAAGUUAAAAUAAGGCUAGUCCGUUAUCAACUUGAAAAAGUGGCACCGAGUCGGUGCUUUUUUU,20,C50B8.1,GACCGCACGTTATCGATGGAGATCGGGTAT,Yes,Yes,23,2.0,3,DNA,K09B11.12 U6 promoter (Friedland et al. 2013),CIRCULAR PLASMID DNA,Positive selectable markers,HR,0.0869565217391,-28.7843
5,GAUUACUUGUCUCGUACCGGAGGGUUUUAGAGCUAGAAAUAGCAAGUUAAAAUAAGGCUAGUCCGUUAUCAACUUGAAAAAGUGGCACCGAGUCGGUGCUUUUUUU,20,C25A1.4,CATTGATTACTTGTCTCGTACCGGAGGTGG,Yes,Yes,32,1.0,3,DNA,K09B11.12 U6 promoter (Friedland et al. 2013),CIRCULAR PLASMID DNA,Positive selectable markers,HR,0.03125,-28.0679
5,UCCGAUUCGAGUGGUUCACGCGGGUUUUAGAGCUAGAAAUAGCAAGUUAAAAUAAGGCUAGUCCGUUAUCAACUUGAAAAAGUGGCACCGAGUCGGUGCUUUUUUU,42,LGC-45,ACTGTCCGATTCGAGTGGTTCACGCGGCGA,Yes,Yes,28,1.0,3,DNA,K09B11.12 U6 promoter (Friedland et al. 2013),CIRCULAR PLASMID DNA,Positive selectable markers,HR,0.0357142857143,-30.4328
5,AAACCAAUACGACCCAUUCUCGGGUUUUAGAGCUAGAAAUAGCAAGUUAAAAUAAGGCUAGUCCGUUAUCAACUUGAAAAAGUGGCACCGAGUCGGUGCUUUUUUU,42,LGC-45,ACAAAAACCAATACGACCCATTCTCGGCGC,Yes,Yes,28,1.0,3,DNA,K09B11.12 U6 promoter (Friedland et al. 2013),CIRCULAR PLASMID DNA,Positive selectable markers,HR,0.0357142857143,-28.2936
5,GUGAAUUUUCUAGAUCUUGGUGGGUUUUAGAGCUAGAAAUAGCAAGUUAAAAUAAGGCUAGUCCGUUAUCAACUUGAAAAAGUGGCACCGAGUCGGUGCUUUUUUU,42,C52B11.5,TAAAGTGAATTTTCTAGATCTTGGTGGCTT,Yes,Yes,31,3.0,3,DNA,K09B11.12 U6 promoter (Friedland et al. 2013),CIRCULAR PLASMID DNA,Positive selectable markers,HR,0.0967741935484,-28.8931
5,UACAGAGUCGCAGAUGUUGGUGGGUUUUAGAGCUAGAAAUAGCAAGUUAAAAUAAGGCUAGUCCGUUAUCAACUUGAAAAAGUGGCACCGAGUCGGUGCUUUUUUU,42,C52B11.5,AAAATACAGAGTCGCAGATGTTGGTGGCGT,Yes,Yes,31,3.0,3,DNA,K09B11.12 U6 promoter (Friedland et al. 2013),CIRCULAR PLASMID DNA,Positive selectable markers,HR,0.0967741935484,-27.4469
5,CGCCUAUCAAGUCCUCCACCCGGGUUUUAGAGCUAGAAAUAGCAAGUUAAAAUAAGGCUAGUCCGUUAUCAACUUGAAAAAGUGGCACCGAGUCGGUGCUUUUUUU,42,C34D4.2,TCTTCGCCTATCAAGTCCTCCACCCGGACA,Yes,Yes,26,2.0,3,DNA,K09B11.12 U6 promoter (Friedland et al. 2013),CIRCULAR PLASMID DNA,Positive selectable markers,HR,0.0769230769231,-27.249
5,AGAUUUUGGUUAGAUUUCGAAGGGUUUUAGAGCUAGAAAUAGCAAGUUAAAAUAAGGCUAGUCCGUUAUCAACUUGAAAAAGUGGCACCGAGUCGGUGCUUUUUUU,42,C34D4.2,GGTTAGATTTTGGTTAGATTTCGAAGGCAA,Yes,Yes,26,2.0,3,DNA,K09B11.12 U6 promoter (Friedland et al. 2013),CIRCULAR PLASMID DNA,Positive selectable markers,HR,0.0769230769231,-26.9773
