Timestamp,sgRNA,GeneTarget,GuideSoftware,Success,WormsInjected,SuccessfulInjections,InjectorExperienceLevel,DNA,Promoter,Cas9Form,ScreeningMethod,RepairMechanism,Comments,SuccessRate,sgRNAlength
17/02/2017 19:35:11,GATTCTCGCGATAACCACGGTGG,rde-12,No,Yes,160,95.0,2,DNA,K09B11.12 U6 promoter (Friedland et al. 2013),circular plasmid DNA,Positive selectable markers,NHEJ,,0.59375,23
17/02/2017 19:40:03,GGACATTGACACTAAAATCAAGG,dpy-13,No,Yes,40,1.0,2,DNA,K09B11.12 U6 promoter (Friedland et al. 2013),circular plasmid DNA,PCR and/or DNA sequencing,NHEJ,,0.025,23
17/02/2017 19:43:10,GTTATGAAGCTGACGGCGGACGG,dpy-13,No,Yes,35,3.0,2,DNA,K09B11.12 U6 promoter (Friedland et al. 2013),circular plasmid DNA,phenotypic analysis,NHEJ,,0.0857142857143,23
18/02/2017 00:20:35,GGCAATGCTGAGTGACACGGTGG,dpy-7,No,Yes,300,240.0,3,DNA,K09B11.12 U6 promoter (Friedland et al. 2013),circular plasmid DNA,phenotypic analysis,NHEJ,,0.8,23
18/02/2017 00:23:17,GCTACCATAGGCACCACGAGCGG,dpy-10,No,Yes,250,246.0,2,DNA,K09B11.12 U6 promoter (Friedland et al. 2013),circular plasmid DNA,phenotypic analysis,NHEJ,,0.984,23
18/02/2017 22:04:49,GTTAGTGGTAGACTTCTTGGTGG,dpy-6,No,Yes,120,11.0,2,DNA,K09B11.12 U6 promoter (Friedland et al. 2013),circular plasmid DNA,phenotypic analysis ,NHEJ,,0.0916666666667,23
18/02/2017 22:06:48,GAAATTGAAGCAACAGTGGGCGG,dpy-6,No,Yes,90,13.0,2,DNA,K09B11.12 U6 promoter (Friedland et al. 2013),circular plasmid DNA,phenotypic analysis,NHEJ,,0.144444444444,23
18/02/2017 22:08:59,GACTAAAATGTGAACGTATGAGG,rde-8,No,Yes,25,6.0,2,DNA,K09B11.12 U6 promoter (Friedland et al. 2013),circular plasmid DNA,rde phenotypic analysis,NHEJ,,0.24,23
18/02/2017 22:11:37,GCTACCATAGGCACCACGAGCGG,dpy-10,No,Yes,350,246.0,2,DNA,K09B11.12 U6 promoter (Friedland et al. 2013),circular plasmid DNA,phenotypic analysis,NHEJ,,0.702857142857,23
20/02/2017 13:13:34,AGGGATACTGGACAAATTGTGG,cdkl-1,Yes,Yes,20,1.0,1,DNA,K09B11.12 U6 promoter (Friedland et al. 2013),circular plasmid DNA,PCR and/or DNA sequencing,HR,,0.05,22
09/06/2017 16:11:49,CAGTACAATCAGGGACGTCACGG,pat-2,Yes,Yes,45,2.0,3,DNA,R07E5.16 U6 promoter (Dickinson et al. 2013),circular plasmid DNA,Positive selectable markers,HR,,0.0444444444444,23
09/06/2017 16:13:25,CGAGAACCCAATCTACAAACAGG,pat-3,Yes,Yes,45,1.0,3,DNA,R07E5.16 U6 promoter (Dickinson et al. 2013),circular plasmid DNA,Positive selectable markers,HR,,0.0222222222222,23
03/08/2017 11:24:21,ATGATGAATGATAACGAAT,mei-1,No,Yes,51,1.0,3,DNA,R07E5.16 U6 promoter (Dickinson et al. 2013),circular plasmid DNA,GFP fluorescence,HR,,0.0196078431373,19
03/08/2017 11:25:52,ACTGGAAAGGAAATTGAGC,ned-8,No,No,137,,3,DNA,R07E5.16 U6 promoter (Dickinson et al. 2013),circular plasmid DNA,Positive selectable markers,HR,,0.0,19
03/08/2017 11:27:50,TAATGGAGTACCGGCACTC,mel-26,No,No,132,,3,DNA,R07E5.16 U6 promoter (Dickinson et al. 2013),circular plasmid DNA,GFP fluorescence,HR,,0.0,19
03/08/2017 11:29:55,ACGGATTGTTCGGATATCG,cul-3,No,Yes,83,1.0,3,DNA,R07E5.16 U6 promoter (Dickinson et al. 2013),circular plasmid DNA,GFP fluorescence,HR,,0.0120481927711,19
03/08/2017 11:32:50,GTACAAATGGCCACCTAAAA,aspm-1,No,Yes,60,1.0,3,DNA,R07E5.16 U6 promoter (Dickinson et al. 2013),circular plasmid DNA,GFP fluorescence,HR,,0.0166666666667,20
03/08/2017 11:34:28,AGTACATAACCTGTGGACG,cul-2,No,Yes,51,3.0,3,DNA,R07E5.16 U6 promoter (Dickinson et al. 2013),circular plasmid DNA,GFP fluoresence,HR,,0.0588235294118,19
03/08/2017 11:38:11,GGCTTTAAAATCAACTCACCG,sas-7,No,Yes,48,4.0,3,DNA,R07E5.16 U6 promoter (Dickinson et al. 2013),circular plasmid DNA,GFP fluorescence,HR,,0.0833333333333,21
03/08/2017 11:39:42,GGCTTTAAAATCAACTCACCG,sas-7,No,Yes,50,5.0,3,DNA,R07E5.16 U6 promoter (Dickinson et al. 2013),circular plasmid DNA,Co-CRISPR,NHEJ,,0.1,21
03/08/2017 11:40:27,CGGTGTTAAATCTCTACTGG,sas-7,No,Yes,50,5.0,3,DNA,R07E5.16 U6 promoter (Dickinson et al. 2013),circular plasmid DNA,Co-CRISPR,NHEJ,,0.1,20
03/08/2017 11:42:03,GGATCAATTCGATTCTCTAA,ani-1,No,Yes,50,1.0,3,DNA,R07E5.16 U6 promoter (Dickinson et al. 2013),circular plasmid DNA,GFP fluorescence,HR,,0.02,20
03/08/2017 11:43:44,GTAGTCGTCGGATCACAGT,drp-1,No,Yes,24,1.0,3,DNA,R07E5.16 U6 promoter (Dickinson et al. 2013),circular plasmid DNA,GFP fluorescence,HR,,0.0416666666667,19
03/08/2017 11:46:38,ATGGGAATCGTGAGTATACG,ebp-2,No,Yes,50,1.0,3,RNA,,protein,Co-CRISPR,HR,,0.02,20
03/08/2017 11:48:00,TGAGTAGATTCCACTTCCAC,01-Apr,No,No,50,,3,RNA,,protein,Co-CRISPR,HR,,0.0,20
01/31/2017,AGGAGTTGGGAAAAGCGCAT,rap-3,Yes,Yes,42,9.0,3,DNA,K09B11.12 U6 promoter (Friedland et al. 2013),circular plasmid DNA,Positive selectable markers,HR,Only 3 of the 8 'successful cuts' had the cassette inserted correctly (by PCR validation),0.214285714286,20
01/31/2017,GTGAATTTTCTAGATCTTGG,C52B11.5,Yes,Yes,30,2.0,3,DNA,K09B11.12 U6 promoter (Friedland et al. 2013),circular plasmid DNA,Positive selectable markers,HR,,0.0666666666667,20
01/31/2017,GTACCTGTGCCTGAACCAAC,pqn-82,Yes,No,67,,3,DNA,K09B11.12 U6 promoter (Friedland et al. 2013),circular plasmid DNA,Positive selectable markers,HR,,0.0,20
01/31/2017,TGAAATGAATGCTCCGATAA,C25A6.1,Yes,No,26,,3,DNA,K09B11.12 U6 promoter (Friedland et al. 2013),circular plasmid DNA,Positive selectable markers,HR,,0.0,20
01/31/2017,CTTCAAAACCTATAGATTGT,C25E10.12,Yes,No,29,,3,DNA,K09B11.12 U6 promoter (Friedland et al. 2013),circular plasmid DNA,Positive selectable markers,HR,,0.0,20
01/31/2017,CAGCAGCCAATTGTACTTGT,T26C12.3,Yes,Yes,19,2.0,3,DNA,K09B11.12 U6 promoter (Friedland et al. 2013),circular plasmid DNA,Positive selectable markers,HR,,0.105263157895,20
01/31/2017,CCTCTGCTCCATCGTCTTCG,flp-32,Yes,No,22,,3,DNA,K09B11.12 U6 promoter (Friedland et al. 2013),circular plasmid DNA,Positive selectable markers,HR,,0.0,20
01/31/2017,CCTCTGCTCCATCGTCTTCG,flp-32,Yes,Yes,28,1.0,2,DNA,K09B11.12 U6 promoter (Friedland et al. 2013),circular plasmid DNA,Positive selectable markers,HR,,0.0357142857143,20
01/31/2017,CGTCCAAAGAGCCTTGCAGG,flp-8,Yes,Yes,21,1.0,3,DNA,K09B11.12 U6 promoter (Friedland et al. 2013),circular plasmid DNA,Positive selectable markers,HR,,0.047619047619,20
01/31/2017,GAGATAATCGCGGTGCACGG,K01G5.9,Yes,Yes,25,1.0,3,DNA,K09B11.12 U6 promoter (Friedland et al. 2013),circular plasmid DNA,Positive selectable markers,HR,,0.04,20
01/31/2017,GCGAGAGACAACCGGAAAAG,Y67D8C.3,Yes,Yes,32,1.0,3,DNA,K09B11.12 U6 promoter (Friedland et al. 2013),circular plasmid DNA,Positive selectable markers,HR,,0.03125,20
01/31/2017,CCTGGGAAGACCTTTGAAGC,kin-24,Yes,No,27,,2,DNA,K09B11.12 U6 promoter (Friedland et al. 2013),circular plasmid DNA,Positive selectable markers,HR,,0.0,20
01/31/2017,CCTGGGAAGACCTTTGAAGC,kin-24,Yes,Yes,20,1.0,3,DNA,K09B11.12 U6 promoter (Friedland et al. 2013),circular plasmid DNA,Positive selectable markers,HR,,0.05,20
01/31/2017,TCTTCACGAATCTTCAGCTG,Y67D8C.3,Yes,Yes,20,1.0,2,DNA,K09B11.12 U6 promoter (Friedland et al. 2013),circular plasmid DNA,Positive selectable markers,HR,,0.05,20
01/31/2017,CACGAATAATGGAGAATCGG,Y67D8C.3,Yes,No,32,,3,DNA,K09B11.12 U6 promoter (Friedland et al. 2013),circular plasmid DNA,Positive selectable markers,HR,,0.0,20
01/31/2017,TCCCCAGTAAACTCTTCCGG,pry-1,Yes,Yes,46,5.0,3,DNA,K09B11.12 U6 promoter (Friedland et al. 2013),circular plasmid DNA,Positive selectable markers,HR,"2 of the 'successful cuts' did not give the desired deletion, but the selection cassette was inserted into the genome",0.108695652174,20
01/31/2017,TCGATTGCTCCTGTTCTTTG,T22C1.1,Yes,Yes,78,1.0,3,DNA,K09B11.12 U6 promoter (Friedland et al. 2013),circular plasmid DNA,Positive selectable markers,HR,,0.0128205128205,20
01/31/2017,AACACGAAAAAATTAAGGGG,Y54G2A.23,Yes,Yes,76,3.0,2,DNA,K09B11.12 U6 promoter (Friedland et al. 2013),circular plasmid DNA,Positive selectable markers,HR,,0.0394736842105,20
01/31/2017,AAATCATCTATCGGCTTTGG,F18F11.5,Yes,Yes,57,1.0,3,DNA,K09B11.12 U6 promoter (Friedland et al. 2013),circular plasmid DNA,Positive selectable markers,HR,"The 'successful cut' did not give the desired deletion, but the selection cassette was inserted into the genome",0.0175438596491,20
01/31/2017,TATGTGATAATCGGAGACGG,F11A5.3,Yes,Yes,21,2.0,3,DNA,K09B11.12 U6 promoter (Friedland et al. 2013),circular plasmid DNA,Positive selectable markers,HR,"1 of the 'successful cuts' did not give the desired deletion, but the selection cassette was inserted into the genome",0.0952380952381,20
01/31/2017,CTAAACGTCTGGGACATCGG,arl-3,Yes,Yes,63,1.0,3,DNA,K09B11.12 U6 promoter (Friedland et al. 2013),circular plasmid DNA,Positive selectable markers,HR,"The 'successful cut' did not give the desired deletion, but the selection cassette was inserted into the genome",0.015873015873,20
01/31/2017,GTAACTATTGTAGAATATTGG,unc-2,No,Yes,37,1.0,3,DNA,K09B11.12 U6 promoter (Friedland et al. 2013),circular plasmid DNA,Positive selectable markers,HR,,0.027027027027,21
01/31/2017,GCTGAAATGTACAAAGAGGG,efk-1,Yes,Yes,40,2.0,3,DNA,K09B11.12 U6 promoter (Friedland et al. 2013),circular plasmid DNA,Positive selectable markers,HR,,0.05,20
01/31/2017,GGGGAATGAGAACGTAAAGG,F01D4.9,Yes,Yes,41,1.0,2,RNA,K09B11.12 U6 promoter (Friedland et al. 2013),protein,Positive selectable markers,HR,,0.0243902439024,20
01/31/2017,GGGGAATGAGAACGTAAAGG,F01D4.9,Yes,Yes,112,2.0,2,DNA,K09B11.12 U6 promoter (Friedland et al. 2013),circular plasmid DNA,Positive selectable markers,HR,,0.0178571428571,20
01/31/2017,GATATTCCACGTGTGTGTGG,C16A11.10,No,Yes,77,1.0,2,DNA,K09B11.12 U6 promoter (Friedland et al. 2013),circular plasmid DNA,Positive selectable markers,HR,Position of inserted cassette not verified,0.012987012987,20
01/31/2017,GACTTTTTGATTCTAACTGC,avr-15,No,Yes,88,1.0,2,DNA,K09B11.12 U6 promoter (Friedland et al. 2013),circular plasmid DNA,Positive selectable markers,HR,Position of inserted cassette not verified,0.0113636363636,43
01/31/2017,GACGTGTATTCTGTGTCAAG,ubr-1,No,Yes,89,1.0,2,DNA,K09B11.12 U6 promoter (Friedland et al. 2013),circular plasmid DNA,Positive selectable markers,HR,,0.0112359550562,43
